of	ʌv
in	ɪn
that	ðæt
for	fɔːr
on	ɑːn
do	duː
this	ðɪs
we	wiː
with	wɪð
get	get
me	miː
my	maɪ
what	wʌt
your	jɔːr
but	bʌt
all	ɔːl
will	wɪl
at	æt
go	goʊ
as	æz
can	kæn
so	soʊ
just	dʒʌst
no	noʊ
know	noʊ
like	laɪk
back	bæk
from	frʌm
if	ɪf
one	wʌn
out	aʊt
about	əˈbaʊt
up	ʌp
there	ðer
by	baɪ
or	ɔːr
his	hɪz
say	seɪ
she	ʃiː
make	meɪk
come	kʌm
see	siː
first	fɜːrst
her	hɜːr
want	wɑːnt
when	wen
time	taɪm
who	huː
how	haʊ
now	naʊ
here	hiːr
take	teɪk
think	θɪŋk
right	raɪt
him	hɪm
look	lʊk
would	wʊd
good	gʊd
more	mɔːr
some	sʌm
them	ðem
well	wel
may	meɪ
need	niːd
people	ˈpiːpəl
man	mæn
our	ˈaʊər
work	wɜːrk
give	gɪv
thing	θɪŋ
tell	tel
us	ʌs
why	waɪ
where	wer
then	ðen
year	jɪr
way	weɪ
over	ˈoʊvər
day	deɪ
their	ðer
only	ˈoʊnli
really	ˈrɪli
new	nuː
two	tuː
any	ˈeni
call	kɔːl
very	ˈveri
too	tuː
because	bɪˈkɔːz
hand	hænd
other	ˈʌðər
into	ˈɪntu
down	daʊn
than	ðæn
these	ðiːz
never	ˈnevər
much	mʌtʃ
love	lʌv
head	hed
which	wɪtʃ
off	ɔːf
should	ʃʊd
something	ˈsʌmθɪŋ
let	let
second	ˈsekənd
after	ˈæftər
life	laɪf
try	traɪ
even	ˈiːvɪn
great	greɪt
little	ˈlɪtəl
help	help
talk	tɔːk
before	bɪˈfɔːr
still	stɪl
guy	gaɪ
long	lɔːŋ
keep	kiːp
face	feɪs
those	ðoʊz
home	hoʊm
feel	fiːl
oh	oʊ
last	læst
find	faɪnd
show	ʃoʊ
play	pleɪ
put	pʊt
win	wɪn
start	stɑːrt
mean	miːn
please	pliːz
sure	ʃʊr
place	pleɪs
better	ˈbetər
big	bɪg
yes	jes
use	juːs
name	neɪm
ask	æsk
old	oʊld
happen	ˈhæpən
around	ərˈaʊnd
water	ˈwɔːtər
through	θruː
yeah	jæ
father	ˈfɑːðər
eye	aɪ
again	əˈgen
run	rʌn
also	ˈɔːlsoʊ
always	ˈɔːlweɪz
most	moʊst
woman	ˈwʊmən
night	naɪt
live	laɪv
world	wɜːrld
son	sʌn
stop	stɑːp
mother	ˈmʌðər
friend	frend
every	ˈevəri
god	gɑːd
three	θriː
wait	weɪt
own	oʊn
must	mʌst
many	ˈmeni
house	haʊs
hear	hiːr
ever	ˈevər
best	best
thank	θæŋk
lot	lɑːt
white	waɪt
move	muːv
kill	kɪl
another	əˈnʌðər
same	seɪm
anything	ˈeniθɪŋ
change	tʃeɪndʒ
away	əˈweɪ
money	ˈmʌni
nothing	ˈnʌθɪŋ
believe	bɪˈliːv
girl	gɜːrl
while	waɪl
black	blæk
wife	waɪf
hold	hoʊld
leave	liːv
school	skuːl
game	geɪm
bring	brɪŋ
might	maɪt
part	pɑːrt
next	nekst
brother	ˈbrʌðər
end	end
family	ˈfæməli
found	faʊnd
such	sʌtʃ
maybe	ˈmeɪbi
turn	tɜːrn
care	ker
state	steɪt
week	wiːk
kid	kɪd
both	boʊθ
high	haɪ
everything	ˈevriθɪŋ
since	sɪns
someone	ˈsʌmwʌn
pay	peɪ
without	wɪˈθaʊt
job	dʒɑːb
point	pɔɪnt
watch	wɑːtʃ
child	tʃaɪld
understand	ʌndərˈstænd
car	kɑːr
real	riːl
kind	kaɪnd
read	red
minute	ˈmɪnət
meet	miːt
problem	ˈprɑːbləm
bad	bæd
far	fɑːr
number	ˈnʌmbər
stay	steɪ
die	daɪ
under	ˈʌndər
enough	ɪˈnʌf
case	keɪs
hour	ˈaʊər
red	red
boy	bɔɪ
close	kloʊs
open	ˈoʊpən
hey	heɪ
set	set
today	təˈdeɪ
hope	hoʊp
foot	fʊt
mind	maɪnd
okay	oʊˈkeɪ
remember	rɪˈmembər
each	iːtʃ
business	ˈbɪznəs
hard	hɑːrd
thanks	θæŋks
course	kɔːrs
cause	kɑːz
become	bɪˈkʌm
few	fjuː
nice	naɪs
seem	siːm
word	wɜːrd
between	bɪˈtwiːn
until	ənˈtɪl
question	ˈkwestʃən
sorry	ˈsɑːri
plan	plæn
order	ˈɔːrdər
book	bʊk
team	tiːm
room	ruːm
send	send
break	breɪk
against	əˈgenst
line	laɪn
yet	jet
once	wʌns
matter	ˈmætər
miss	mɪs
month	mʌnθ
idea	aɪˈdiːə
already	ɔlˈredi
bed	bed
company	ˈkʌmpəniː
buy	baɪ
wrong	rɔːŋ
whole	hoʊl
together	təˈgeðər
daughter	ˈdɔːtər
party	ˈpɑːrti
check	tʃek
city	ˈsɪti
story	ˈstɔːri
sister	ˈsɪstər
actually	ˈæktʃuːəli
stand	stænd
free	friː
hit	hɪt
fine	faɪn
write	raɪt
different	ˈdɪfərənt
baby	ˈbeɪbi
person	ˈpɜːrsən
country	ˈkʌntri
else	els
deal	diːl
side	saɪd
young	jʌŋ
speak	spiːk
later	ˈleɪtər
fight	faɪt
four	fɔːr
blue	bluː
listen	ˈlɪsən
fall	fɔːl
husband	ˈhʌzbənd
third	θɜːrd
hair	her
power	ˈpaʊər
pretty	ˈprɪti
walk	wɔːk
eat	iːt
report	riˈpɔːrt
yourself	jərˈself
morning	ˈmɔːrnɪŋ
sir	sɜːr
lead	led
drive	draɪv
sit	sɪt
fire	ˈfaɪər
five	faɪv
light	laɪt
table	ˈteɪbəl
dress	dres
service	ˈsɜːrvəs
sound	saʊnd
happy	ˈhæpi
easy	ˈiːzi
reason	ˈriːzən
summer	ˈsʌmər
system	ˈsɪstəm
everyone	ˈevriwʌn
arm	ɑːrm
body	ˈbɑːdi
learn	lɜːrn
small	smɔːl
full	fʊl
ago	əˈgoʊ
top	tɑːp
early	ˈɜːrli
fact	fækt
forget	fərˈget
act	ækt
war	wɔːr
death	deθ
ready	ˈredi
though	ðoʊ
mom	mɑːm
guess	ges
office	ˈɔːfɪs
myself	maɪˈself
group	gruːp
phone	foʊn
American	əˈmerəkən
soon	suːn
true	truː
probably	ˈprɑːbəbliː
law	lɔː
pick	pɪk
during	ˈdʊrɪŋ
follow	ˈfɑːloʊ
cut	kʌt
important	ɪmˈpɔːrtənt
least	liːst
music	ˈmjuːzɪk
save	seɪv
control	kənˈtroʊl
bit	bɪt
include	ɪnˈkluːd
heart	hɑːrt
green	griːn
dead	ded
anyone	ˈeniwʌn
date	deɪt
record	rəˈkɔːrd
late	leɪt
sign	saɪn
force	fɔːrs
chance	tʃæns
train	treɪn
pass	pæs
half	hæf
leg	leg
sell	sel
spend	spend
area	ˈeriə
drink	drɪŋk
shot	ʃɑːt
answer	ˈænsər
police	pəˈliːs
president	ˈprezədent
news	nuːz
sleep	sliːp
coffee	ˈkɑːfi
interest	ˈɪntrəst
hell	hel
almost	ˈɔːlmoʊst
lie	laɪ
food	fuːd
picture	ˈpɪktʃər
grow	groʊ
return	rɪˈtɜːrn
wish	wɪʃ
able	ˈeɪbəl
town	taʊn
class	klæs
wear	wer
cup	kʌp
general	ˈdʒenərəl
low	loʊ
moment	ˈmoʊmənt
fun	fʌn
base	beɪs
less	les
lose	luːz
along	əˈlɔːŋ
figure	ˈfɪgjər
clear	klɪr
marry	ˈmeri
test	test
door	dɔːr
hi	haɪ
street	striːt
March	mɑːrtʃ
glass	glæs
support	səˈpɔːrt
stuff	stʌf
offer	ˈɔːfər
dog	dɔːg
beautiful	ˈbjuːtəfəl
hate	heɪt
human	ˈhjuːmən
expect	ɪkˈspekt
mouth	maʊθ
million	ˈmɪljən
couple	ˈkʌpəl
lady	ˈleɪdi
catch	kætʃ
cover	ˈkʌvər
court	kɔːrt
rest	rest
study	ˈstʌdi
alone	əˈloʊn
government	ˈgʌvərmənt
either	ˈiːðər
mine	maɪn
air	er
drop	drɑːp
quite	kwaɪt
six	sɪks
fast	fæst
allow	əˈlaʊ
suppose	səˈpoʊz
finish	ˈfɪnɪʃ
dad	dæd
brown	braʊn
share	ʃer
special	ˈspeʃəl
public	ˈpʌblɪk
behind	bɪˈhaɪnd
step	step
star	stɑːr
front	frʌnt
fish	fɪʃ
movie	ˈmuːvi
tonight	təˈnaɪt
cool	kuːl
begin	bɪˈgɪn
song	sɔːŋ
rule	ruːl
gun	gʌn
shoe	ʃuː
decide	dɪˈsaɪd
present	ˈprezənt
large	lɑːrdʒ
throw	θroʊ
sometimes	səmˈtaɪmz
list	lɪst
land	lænd
past	pæst
issue	ˈɪʃu
age	eɪdʒ
consider	kənˈsɪdər
continue	kənˈtɪnju
wind	waɪnd
parent	ˈperənt
trust	trʌst
inside	ɪnˈsaɪd
charge	tʃɑːrdʒ
exactly	ɪgˈzæktli
building	ˈbɪldɪŋ
others	ˈʌðərz
pull	pʊl
possible	ˈpɑːsəbəl
attack	əˈtæk
post	poʊst
hot	hɑːt
hurt	hɜːrt
whatever	wʌˈtevər
outside	ˈaʊtsaɪd
short	ʃɔːrt
level	ˈlevəl
dream	driːm
member	ˈmembər
information	ɪnfərˈmeɪʃən
tomorrow	təˈmɑːroʊ
road	roʊd
program	ˈproʊgræm
doctor	ˈdɑːktər
crazy	ˈkreɪzi
beat	biːt
single	ˈsɪŋgəl
experience	ɪkˈspɪriəns
rather	ˈræðər
wonder	ˈwʌndər
player	ˈpleɪər
strong	strɔːŋ
form	fɔːrm
future	ˈfjuːtʃər
bill	bɪl
park	pɑːrk
student	ˈstuːdənt
enjoy	enˈdʒɔɪ
sex	seks
however	haʊˈevər
piece	piːs
bank	bæŋk
himself	hɪmˈself
major	ˈmeɪdʒər
carry	ˈkæri
perfect	pərˈfekt
result	rɪˈzʌlt
build	bɪld
officer	ˈɔːfəsər
sense	sens
history	ˈhɪstəri
dance	dæns
meeting	ˈmiːtɪŋ
spring	sprɪŋ
Friday	ˈfraɪdi
hello	həˈloʊ
worry	ˈwɜːri
king	kɪŋ
add	æd
join	dʒɔɪn
paper	ˈpeɪpər
cost	kɑːst
type	taɪp
card	kɑːrd
mark	mɑːrk
touch	tʌtʃ
center	ˈsentər
finger	ˈfɪŋgər
near	nɪr
club	klʌb
art	ɑːrt
fly	flaɪ
film	fɪlm
stick	stɪk
note	noʊt
clean	kliːn
explain	ɪkˈspleɪn
promise	ˈprɑːməs
ship	ʃɪp
create	kriˈeɪt
rain	reɪn
blood	blʌd
Sunday	ˈsʌndeɪ
key	kiː
reach	riːtʃ
video	ˈvɪdioʊ
realize	ˈriːəlaɪz
funny	ˈfʌni
ride	raɪd
April	ˈeɪprəl
agree	əˈgriː
uncle	ˈʌŋkəl
field	fiːld
action	ˈækʃən
June	dʒuːn
ball	bɔːl
Saturday	ˈsætərdi
within	wɪˈðɪn
egg	eg
united	juˈnaɪtɪd
college	ˈkɑːlɪdʒ
position	pəˈzɪʃən
safe	seɪf
truth	truːθ
bottle	ˈbɑːtəl
price	praɪs
national	ˈnæʃənəl
south	saʊθ
nobody	ˈnoʊbɑːdiː
release	riˈliːs
sort	sɔːrt
chair	tʃer
receive	rəˈsiːv
hang	hæŋ
lord	lɔːrd
everybody	ˈevribɑːdi
welcome	ˈwelkəm
chicken	ˈtʃɪkən
season	ˈsiːzən
anyway	ˈeniweɪ
board	bɔːrd
choose	tʃuːz
finally	ˈfaɪnəli
security	sɪˈkjʊrəti
across	əˈkrɔːs
box	bɑːks
involve	ɪnˈvɑːlv
often	ˈɔːfən
hospital	ˈhɑːspɪtəl
account	əˈkaʊnt
shall	ʃæl
serious	ˈsɪriəs
somebody	ˈsʌmbɑːdi
visit	ˈvɪzɪt
ahead	əˈhed
hat	hæt
choice	tʃɔɪs
ground	graʊnd
store	stɔːr
serve	sɜːrv
shirt	ʃɜːrt
vote	voʊt
term	tɜːrm
tea	tiː
ear	iːr
local	ˈloʊkəl
rock	rɑːk
poor	puːr
letter	ˈletər
worth	wɜːrθ
murder	ˈmɜːrdər
message	ˈmesədʒ
trouble	ˈtrʌbəl
cannot	ˈkænɑt
raise	reɪz
tooth	tuːθ
north	nɔːrθ
ten	ten
relationship	riˈleɪʃənʃɪp
voice	vɔɪs
laugh	læf
whether	ˈweðər
perhaps	pərˈhæps
race	reɪs
mile	maɪl
wall	wɔːl
event	ɪˈvent
neck	nek
excuse	ɪksˈkjuːs
match	mætʃ
personal	ˈpɜːrsɪnəl
fix	fɪks
shut	ʃʌt
burn	bɜːrn
track	træk
remain	rɪˈmeɪn
nose	noʊz
captain	ˈkæptən
appear	əˈpɪr
health	helθ
view	vjuː
protect	prəˈtekt
space	speɪs
round	raʊnd
notice	ˈnoʊtəs
sing	sɪŋ
final	ˈfaɪnəl
instead	ɪnˈsted
concern	kənˈsɜːrn
count	kaʊnt
blow	bloʊ
push	pʊʃ
situation	sɪtʃuˈeɪʃən
handle	ˈhændəl
claim	kleɪm
judge	dʒʌdʒ
middle	ˈmɪdəl
anymore	eniˈmɔːr
cold	koʊld
design	dɪˈzaɪn
project	ˈprɑːdʒekt
complete	kəmˈpliːt
winter	ˈwɪntər
stupid	ˈstuːpəd
station	ˈsteɪʃən
shop	ʃɑːp
drug	drʌg
mention	ˈmenʃən
honor	ˈɑːnər
press	pres
prove	pruːv
patient	ˈpeɪʃənt
hide	haɪd
cross	krɔːs
deep	diːp
decision	dɪˈsɪʒən
west	west
July	dʒuːˈlaɪ
treat	triːt
straight	streɪt
department	dɪˈpɑːrtmənt
steal	stiːl
attention	əˈtenʃən
due	duː
wow	waʊ
certain	ˈsɜːrtən
bar	bɑːr
ring	rɪŋ
secret	ˈsiːkrət
bet	bet
simple	ˈsɪmpəl
evidence	ˈevədəns
Monday	ˈmʌndi
church	tʃɜːrtʃ
seven	ˈsevən
private	ˈpraɪvət
kick	kɪk
cry	kraɪ
sweet	swiːt
seat	siːt
plate	pleɪt
several	ˈsevrəl
milk	mɪlk
window	ˈwɪndoʊ
gold	goʊld
apple	ˈæpəl
quick	kwɪk
cake	keɪk
teach	tiːtʃ
English	ˈɪŋglɪʃ
research	riˈsɜːrtʃ
dear	dɪr
wake	weɪk
roll	roʊl
chief	tʃiːf
difference	ˈdɪfərəns
favorite	ˈfeɪvərɪt
character	ˈkerɪktər
market	ˈmɑːrkət
meat	miːt
agent	ˈeɪdʒənt
especially	əˈspeʃli
social	ˈsoʊʃəl
glad	glæd
September	sepˈtembər
process	ˈprɑːses
animal	ˈænəməl
except	ɪkˈsept
pain	peɪn
respect	rɪˈspekt
draw	drɔː
storm	stɔːrm
dinner	ˈdɪnər
community	kəˈmjuːnəti
certainly	ˈsɜːrtənli
rate	reɪt
color	ˈkʌlər
sugar	ˈʃʊgər
dark	dɑːrk
earth	ɜːrθ
trade	treɪd
condition	kənˈdɪʃən
tree	triː
forward	ˈfɔːrwərd
sick	sɪk
practice	ˈpræktəs
fan	fæn
cousin	ˈkʌzən
hotel	hoʊˈtel
luck	lʌk
scene	siːn
page	peɪdʒ
fit	fɪt
accept	ækˈsept
mistake	mɪˈsteɪk
coat	koʊt
partner	ˈpɑːrtnər
bag	bæg
army	ˈɑːrmi
master	ˈmæstər
fourth	fɔːrθ
file	faɪl
floor	flɔːr
afraid	əˈfreɪd
shoulder	ˈʃoʊldər
horse	hɔːrs
gray	greɪ
snow	snoʊ
suggest	səˈdʒest
unless	ənˈles
absolutely	æbsəˈluːtli
although	ɔːlˈðoʊ
amazing	əˈmeɪzɪŋ
knife	naɪf
wonderful	ˈwʌndərfəl
eight	eɪt
yellow	ˈjeloʊ
yours	jʊrz
contact	ˈkɑːntækt
code	koʊd
dollar	ˈdɑːlər
source	sɔːrs
model	ˈmɑːdəl
search	sɜːrtʃ
brain	breɪn
size	saɪz
stage	steɪdʒ
fail	feɪl
enter	ˈentər
trip	trɪp
lay	leɪ
sale	seɪl
thousand	ˈθaʊzənd
fear	fɪr
jump	dʒʌmp
entire	ɪnˈtaɪər
fair	fer
block	blɑːk
kiss	kɪs
operation	ɑːpərˈeɪʃən
October	ɑkˈtoʊbər
example	ɪgˈzæmpəl
August	ˈɑːgəst
shoot	ʃuːt
require	riːˈkwaɪər
according	əˈkɔːrdɪŋ
per	pɜːr
university	juːnəˈvɜːrsəti
spot	spɑːt
imagine	ɪˈmædʒən
usually	ˈjuːʒəwəli
risk	rɪsk
left	left
Christmas	ˈkrɪsməs
cheese	tʃiːz
various	ˈveriəs
fill	fɪl
till	tɪl
unit	ˈjuːnət
common	ˈkɑːmən
smoke	smoʊk
teacher	ˈtiːtʃər
exist	ɪgˈzɪst
knee	niː
main	meɪn
machine	məˈʃiːn
none	nʌn
hundred	ˈhʌndrəd
prepare	priˈper
evening	ˈiːvnɪŋ
cell	sel
sport	spɔːrt
ice	aɪs
joke	dʒoʊk
among	əˈmʌŋ
above	əˈbʌv
bear	ber
medical	ˈmedəkəl
provide	prəˈvaɪd
smart	smɑːrt
upon	əˈpɑːn
November	noʊˈvembər
focus	ˈfoʊkəs
score	skɔːr
French	frentʃ
arrest	ərˈest
waste	weɪst
double	ˈdʌbəl
lock	lɑːk
twenty	ˈtwenti
effect	ɪˈfekt
director	dərˈektər
interesting	ˈɪntrəstɪŋ
rich	rɪtʃ
surprise	sərˈpraɪz
crime	kraɪm
value	ˈvælju
arrive	ərˈaɪv
strike	straɪk
east	iːst
alive	əˈlaɪv
completely	kəmˈpliːtli
lucky	ˈlʌki
plant	plænt
boss	bɑːs
sea	siː
radio	ˈreɪdioʊ
photo	ˈfoʊtoʊ
slow	sloʊ
cop	kɑːp
river	ˈrɪvər
computer	kəmˈpjuːtər
coach	koʊtʃ
address	ˈædres
policy	ˈpɑːləsi
total	ˈtoʊtəl
destroy	dɪˈstrɔɪ
property	ˈprɑːpərti
themselves	ðemˈselvz
data	ˈdeɪtə
weapon	ˈwepən
boot	buːt
feed	fiːd
military	ˈmɪləteri
yesterday	ˈjestərdeɪ
anybody	ˈenibədi
plane	pleɪn
develop	dɪˈveləp
increase	ɪnˈkriːs
dude	duːd
boat	boʊt
wedding	ˈwedɪŋ
gas	gæs
gift	gɪft
cap	kæp
cat	kæt
worse	wɜːrs
whose	huːz
cook	kʊk
fifth	fɪfθ
feeling	ˈfiːlɪŋ
county	ˈkaʊnti
leader	ˈliːdər
official	əˈfɪʃəl
energy	ˈenərdʒi
December	dɪˈsembər
difficult	ˈdɪfəkəlt
peace	piːs
tie	taɪ
Thursday	ˈθɜːrzdeɪ
Tuesday	ˈtuːzdi
orange	ˈɔːrəndʒ
guard	gɑːrd
normal	ˈnɔːrməl
science	ˈsaɪəns
language	ˈlæŋgwədʒ
soul	soʊl
camera	ˈkæmərə
site	saɪt
January	ˈdʒænjueri
period	ˈpɪriəd
marriage	ˈmerɪdʒ
credit	ˈkredət
lawyer	ˈlɔːjər
currently	ˈkɜːrəntli
ticket	ˈtɪkət
career	kərˈɪr
appreciate	əˈpriːʃieɪt
suit	suːt
chocolate	ˈtʃɔːklət
describe	dɪˈskraɪb
favor	ˈfeɪvər
island	ˈaɪlənd
sun	sʌn
definitely	ˈdefənətli
pressure	ˈpreʃər
honey	ˈhʌni
beginning	bɪˈgɪnɪŋ
doubt	daʊt
opportunity	ɑːpərˈtuːnəti
memory	ˈmeməri
oil	ɔɪl
tough	tʌf
website	ˈwebsaɪt
society	səˈsaɪəti
pack	pæk
damage	ˈdæmədʒ
style	staɪl
weekend	ˈwiːkend
detail	dɪˈteɪl
mad	mæd
jacket	ˈdʒækət
band	bænd
weird	wɪrd
discuss	dɪˈskʌs
available	əˈveɪləbəl
pink	pɪŋk
series	ˈsɪriz
belt	belt
remove	riˈmuːv
cash	kæʃ
copy	ˈkɑːpi
busy	ˈbɪzi
smell	smel
approach	əˈproʊtʃ
attempt	əˈtempt
salt	sɔːlt
natural	ˈnætʃərəl
somewhere	ˈsʌmwer
subject	səbˈdʒekt
speed	spiːd
goal	goʊl
stomach	ˈstʌmək
smile	smaɪl
mess	mes
manage	ˈmænədʒ
professor	prəˈfesər
aunt	ænt
pen	pen
tax	tæks
defense	dɪˈfens
amount	əˈmaʊnt
media	ˈmiːdiə
birthday	ˈbɜːrθdeɪ
fat	fæt
simply	ˈsɪmpli
extra	ˈekstrə
bread	bred
suffer	ˈsʌfər
ray	reɪ
huge	hjuːdʒ
admit	ədˈmɪt
economic	ekəˈnɑːmɪk
loss	lɔːs
bus	bʌs
tired	ˈtaɪərd
image	ˈɪmədʒ
review	riːˈvjuː
target	ˈtɑːrgət
quiet	ˈkwaɪət
article	ˈɑːrtəkəl
effective	ɪˈfektɪv
battle	ˈbætəl
quickly	ˈkwɪkli
camp	kæmp
bird	bɜːrd
opinion	əˈpɪnjən
manager	ˈmænədʒər
totally	ˈtoʊtəli
accident	ˈæksədənt
itself	ɪtˈself
political	pəˈlɪtəkəl
beach	biːtʃ
generally	ˈdʒenərəli
contract	ˈkɑːntrækt
product	ˈprɑːdəkt
recognize	ˈrekəgnaɪz
knock	nɑːk
football	ˈfʊtbɔːl
swear	swer
flight	flaɪt
standard	ˈstændərd
grant	grænt
professional	prəˈfeʃənəl
hill	hɪl
tear	ter
travel	ˈtrævəl
seriously	ˈsɪriəsli
original	ərˈɪdʒənəl
lovely	ˈlʌvli
scared	skerd
clothes	kloʊðz
fault	fɔːlt
bomb	bɑːm
deserve	dɪˈzɜːrv
gentleman	ˈdʒentəlmən
lunch	lʌntʃ
heavy	ˈhevi
direct	dərˈekt
queen	kwiːn
load	loʊd
rise	raɪz
Wednesday	ˈwenzdi
deliver	dɪˈlɪvər
link	lɪŋk
spirit	ˈspɪrət
trial	ˈtraɪəl
taste	teɪst
belong	bɪˈlɔːŋ
likely	ˈlaɪkli
perform	pərˈfɔːrm
grand	grænd
weight	weɪt
introduce	ɪntrəˈduːs
driver	ˈdraɪvər
February	ˈfebjəweri
holy	ˈhoʊli
soldier	ˈsoʊldʒər
proud	praʊd
significant	səgˈnɪfɪkənt
fund	fʌnd
produce	prəˈduːs
flower	ˈflaʊər
invite	ɪnˈvaɪt
Russian	ˈrʌʃən
range	reɪndʒ
grab	græb
hole	hoʊl
afternoon	æftərˈnuːn
victim	ˈvɪktəm
witness	ˈwɪtnəs
mix	mɪks
truck	trʌk
rose	roʊz
nine	naɪn
heat	hiːt
education	edʒəˈkeɪʃən
wood	wʊd
enemy	ˈenəmi
stone	stoʊn
material	məˈtɪriəl
international	ɪntərˈnæʃənəl
challenge	ˈtʃæləndʒ
statement	ˈsteɪtmənt
beer	bɪr
German	ˈdʒɜːrmən
female	ˈfiːmeɪl
tour	tʊr
request	rɪˈkwest
performance	pərˈfɔːrməns
staff	stæf
interview	ˈɪntərvjuː
forever	fərˈevər
terrible	ˈterəbəl
worst	wɜːrst
assume	əˈsuːm
Chinese	tʃaɪˈniːz
legal	ˈliːgəl
nation	ˈneɪʃən
access	ˈækses
juice	dʒuːs
immediately	ɪˈmiːdiːətli
supply	səˈplaɪ
apartment	əˈpɑːrtmənt
role	roʊl
British	ˈbrɪtɪʃ
effort	ˈefərt
current	ˈkɜːrənt
purpose	ˈpɜːrpəs
mountain	ˈmaʊntən
nature	ˈneɪtʃər
former	ˈfɔːrmər
mission	ˈmɪʃən
development	dɪˈveləpmənt
prison	ˈprɪzən
sad	sæd
warm	wɔːrm
skin	skɪn
escape	ɪˈskeɪp
title	ˈtaɪtəl
demand	dɪˈmænd
client	ˈklaɪənt
apply	əˈplaɪ
could	kʊd
anywhere	ˈeniwer
hire	ˈhaɪər
degree	dɪˈgriː
fellow	ˈfeloʊ
dangerous	ˈdeɪndʒərəs
cute	kjuːt
folk	foʊk
hall	hɔːl
print	prɪnt
seek	siːk
quit	kwɪt
artist	ˈɑːrtəst
thought	θɔːt
careful	ˈkerfəl
blame	bleɪm
bother	ˈbɑːðər
bye	baɪ
plus	plʌs
girlfriend	ˈgɜːrlfrend
beyond	bɪˈɑːnd
angel	ˈeɪndʒəl
hero	ˈhɪroʊ
represent	reprɪˈzent
dry	draɪ
fool	fuːl
relax	rɪˈlæks
operate	ˈɑːpəreɪt
section	ˈsekʃən
depend	dɪˈpend
scream	skriːm
discover	dɪˈskʌvər
conversation	kɑːnvərˈseɪʃən
century	ˈsentʃəri
butter	ˈbʌtər
twice	twaɪs
duty	ˈduːti
relate	rɪˈleɪt
feature	ˈfiːtʃər
strange	streɪndʒ
evil	ˈiːvəl
worried	ˈwɜːrid
wild	waɪld
activity	ækˈtɪvəti
guest	gest
engine	ˈendʒən
corner	ˈkɔːrnər
quality	ˈkwɑːləti
comment	ˈkɑːment
settle	ˈsetəl
stock	stɑːk
command	kəˈmænd
benefit	ˈbenəfɪt
bottom	ˈbɑːtəm
central	ˈsentrəl
justice	ˈdʒʌstəs
calm	kɑːm
opening	ˈoʊpənɪŋ
success	səkˈses
award	əˈwɔːrd
neither	ˈniːðər
remind	riˈmaɪnd
nurse	nɜːrs
union	ˈjuːnjən
buddy	ˈbʌdi
commit	kəˈmɪt
map	mæp
honest	ˈɑːnəst
schedule	ˈskedʒʊl
bridge	brɪdʒ
used	juːzd
necessary	ˈnesəseri
fresh	freʃ
potato	pəˈteɪtoʊ
federal	ˈfedərəl
self	self
restaurant	ˈrestərɑːnt
obviously	ˈɑːbviəsli
upset	əpˈset
average	ˈævərɪdʒ
customer	ˈkʌstəmər
advice	ædˈvaɪs
direction	dərˈekʃən
suspect	səˈspekt
software	ˈsɔːftwer
wine	waɪn
avoid	əˈvɔɪd
correct	kərˈekt
rice	raɪs
league	liːg
option	ˈɑːpʃən
owner	ˈoʊnər
besides	bɪˈsaɪdz
male	meɪl
super	ˈsuːpər
gain	geɪn
tip	tɪp
wash	wɑːʃ
grade	greɪd
separate	ˈsepəreɪt
shape	ʃeɪp
nearly	ˈnɪrli
towards	təˈwɔːrdz
winner	ˈwɪnər
speech	spiːtʃ
crowd	kraʊd
below	bɪˈloʊ
tape	teɪp
spread	spred
ruin	ˈruːən
transfer	trænsˈfɜːr
individual	ɪndəˈvɪdʒəwəl
responsible	riˈspɑːnsəbəl
insurance	ɪnˈʃʊrəns
shake	ʃeɪk
impossible	ɪmˈpɑːsəbəl
network	ˈnetwɜːrk
trick	trɪk
compare	kəmˈper
positive	ˈpɑːzətɪv
pleasure	ˈpleʒər
jail	dʒeɪl
refuse	rəˈfjuːz
conference	ˈkɑːnfərəns
regular	ˈregjələr
secretary	ˈsekrəteri
firm	fɜːrm
disease	dɪˈziːz
survive	sərˈvaɪv
district	ˈdɪstrɪkt
hunt	hʌnt
theory	ˈθɪri
criminal	ˈkrɪmənəl
publish	ˈpʌblɪʃ
wide	waɪd
pair	per
drunk	drʌŋk
industry	ˈɪndəstri
launch	lɔːntʃ
safety	ˈseɪfti
breathe	briːð
particular	pərˈtɪkjələr
screen	skriːn
faith	feɪθ
boyfriend	ˈbɔɪfrend
minister	ˈmɪnəstər
sky	skaɪ
otherwise	ˈʌðərwaɪz
paint	peɪnt
plenty	ˈplenti
lake	leɪk
download	ˈdaʊnloʊd
cheap	tʃiːp
farm	fɑːrm
percent	pərˈsent
connect	kəˈnekt
grandfather	ˈgrændfɑːðər
famous	ˈfeɪməs
herself	hərˈself
airport	ˈerpɔːrt
emergency	ɪˈmɜːrdʒənsi
location	loʊˈkeɪʃən
wave	weɪv
lieutenant	luˈtenənt
pound	paʊnd
glove	glʌv
signal	ˈsɪgnəl
switch	swɪtʃ
channel	ˈtʃænəl
vehicle	ˈviːhɪkəl
thirty	ˈθɜːrdiː
meaning	ˈmiːnɪŋ
shock	ʃɑːk
wound	waʊnd
grandmother	ˈgrændmʌðər
magic	ˈmædʒɪk
digital	ˈdɪdʒətəl
popular	ˈpɑːpjələr
election	ɪˈlekʃən
foreign	ˈfɔːrən
apparently	əˈperəntli
affect	əˈfekt
quarter	ˈkwɔːrtər
ability	əˈbɪlətiː
recently	ˈriːsəntli
wing	wɪŋ
collect	kəˈlekt
affair	əˈfer
village	ˈvɪlədʒ
heaven	ˈhevən
version	ˈvɜːrʒən
contain	kənˈteɪn
identify	aɪˈdentəfaɪ
cent	sent
bone	boʊn
crew	kruː
responsibility	rispɑːnsəˈbɪləti
sock	sɑːk
beauty	ˈbjuːti
hurry	ˈhɜːri
magazine	ˈmægəziːn
square	skwer
similar	ˈsɪmələr
beef	biːf
lift	lɪft
technology	tekˈnɑːlədʒi
worker	ˈwɜːrkər
owe	oʊ
crash	kræʃ
measure	ˈmeʒər
twelve	twelv
chase	tʃeɪs
excellent	ˈeksələnt
possibly	ˈpɑːsəbli
apart	əˈpɑːrt
lack	læk
soup	suːp
committee	kəˈmɪti
earn	ɜːrn
bond	bɑːnd
fifty	ˈfɪfti
weather	ˈweðər
connection	kəˈnekʃən
yard	jɑːrd
pool	puːl
killer	ˈkɪlər
screw	skruː
senior	ˈsiːnjər
moon	muːn
announce	əˈnaʊns
crack	kræk
confirm	kənˈfɜːrm
kitchen	ˈkɪtʃən
garden	ˈgɑːrdən
actor	ˈæktər
occur	əˈkɜːr
treatment	ˈtriːtmənt
angry	ˈæŋgri
breakfast	ˈbrekfəst
argue	ˈɑːrgju
suddenly	ˈsʌdənli
truly	ˈtruːli
prince	prɪns
reality	riːˈælətiː
idiot	ˈɪdiːət
strength	streŋkθ
awesome	ˈɑːsəm
agency	ˈeɪdʒənsi
goodbye	gʊdˈbaɪ
excited	ɪkˈsaɪtəd
celebrate	ˈseləbreɪt
intend	ɪnˈtend
prefer	prəˈfɜːr
production	prəˈdʌkʃən
attorney	əˈtɜːrni
object	ˈɑːbdʒekt
freedom	ˈfriːdəm
adult	əˈdʌlt
campaign	kæmˈpeɪn
surprised	sərˈpraɪzd
response	rɪˈspɑːns
skill	skɪl
swim	swɪm
mail	meɪl
colonel	ˈkɜːrnəl
culture	ˈkʌltʃər
regard	rɪˈgɑːrd
rent	rent
clearly	ˈklɪrli
willing	ˈwɪlɪŋ
repeat	rɪˈpiːt
writer	ˈraɪtər
council	ˈkaʊnsəl
determine	dəˈtɜːrmən
dig	dɪg
sight	saɪt
lesson	ˈlesən
bless	bles
convince	kənˈvɪns
planet	ˈplænət
theater	ˈθiːətər
whom	huːm
powerful	ˈpaʊərfəl
physical	ˈfɪzɪkəl
bathroom	ˈbæθruːm
movement	ˈmuːvmənt
engage	enˈgeɪdʒ
tight	taɪt
bell	bel
indeed	ɪnˈdiːd
guilty	ˈgɪlti
deny	dɪˈnaɪ
forgive	fərˈgɪv
improve	ɪmˈpruːv
spell	spel
express	ɪkˈspres
bright	braɪt
knowledge	ˈnɑːlədʒ
dirty	ˈdɜːrti
associate	əˈsoʊsiət
refer	rəˈfɜːr
salad	ˈsæləd
replace	riːˈpleɪs
employee	emˈplɔɪi
everywhere	ˈevriwer
modern	ˈmɑːdərn
behavior	bɪˈheɪvjər
specific	spəˈsɪfɪk
stadium	ˈsteɪdiəm
split	splɪt
pretend	priˈtend
fake	feɪk
gate	geɪt
attend	əˈtend
cast	kæst
establish	ɪˈstæblɪʃ
license	ˈlaɪsəns
organization	ɔːrgənəˈzeɪʃən
host	hoʊst
investigation	ɪnvestəˈgeɪʃən
cream	kriːm
disappear	dɪsəˈpɪr
monster	ˈmɑːnstər
collection	kəˈlekʃən
bunch	bʌntʃ
rush	rʌʃ
towel	ˈtaʊəl
trap	træp
painting	ˈpeɪntɪŋ
neighborhood	ˈneɪbərhʊd
wheel	wiːl
distance	ˈdɪstəns
danger	ˈdeɪndʒər
reveal	rɪˈviːl
secure	sɪˈkjʊr
ourselves	aʊərˈselvz
sexual	ˈsekʃuəl
comfortable	ˈkʌmfərtəbəl
hook	hʊk
empty	ˈempti
exchange	ɪksˈtʃeɪndʒ
nor	nɔːr
daily	ˈdeɪli
coast	koʊst
hungry	ˈhʌŋgri
aware	əˈwer
potential	pəˈtenʃəl
onto	ˈɑːntu
being	ˈbiːɪŋ
television	ˈteləvɪʒən
blanket	ˈblæŋkət
pray	preɪ
loan	loʊn
blind	blaɪnd
loud	laʊd
bowl	boʊl
medicine	ˈmedəsən
library	ˈlaɪbreriː
financial	fəˈnænʃəl
nut	nʌt
cancer	ˈkænsər
pocket	ˈpɑːkət
silver	ˈsɪlvər
shift	ʃɪft
traffic	ˈtræfɪk
threaten	ˈθretən
fantastic	fænˈtæstɪk
alright	ɔːlˈraɪt
bury	ˈberi
sentence	ˈsentəns
freak	friːk
expert	ˈekspərt
shower	ˈʃaʊər
newspaper	ˈnuːzpeɪpər
dumb	dʌm
management	ˈmænədʒmənt
guide	gaɪd
weak	wiːk
function	ˈfʌŋkʃən
clock	klɑːk
equipment	ɪˈkwɪpmənt
citizen	ˈsɪtəzən
episode	ˈepəsoʊd
slip	slɪp
edge	edʒ
struggle	ˈstrʌgəl
tank	tæŋk
cultural	ˈkʌltʃərəl
labor	ˈleɪbər
odd	ɑːd
competition	kɑːmpəˈtɪʃən
giant	ˈdʒaɪənt
document	ˈdɑːkjəment
item	ˈaɪtəm
dare	der
wire	ˈwaɪər
assistant	əˈsɪstənt
commercial	kəˈmɜːrʃəl
defend	dɪˈfend
soap	soʊp
chain	tʃeɪn
cheat	tʃiːt
champion	ˈtʃæmpiən
sake	seɪk
bite	baɪt
device	dɪˈvaɪs
holiday	ˈhɑːlədeɪ
proof	pruːf
limit	ˈlɪmət
afford	əˈfɔːrd
darling	ˈdɑːrlɪŋ
ignore	ɪgˈnɔːr
healthy	ˈhelθi
mate	meɪt
pregnant	ˈpregnənt
flat	flæt
eventually	ɪˈventʃəwəli
beg	beg
cheer	tʃɪr
purple	ˈpɜːrpəl
relevant	ˈreləvənt
brand	brænd
desire	dɪˈzaɪər
rid	rɪd
solution	səˈluːʃən
easily	ˈiːzəli
sixth	sɪksθ
advantage	ædˈvæntɪdʒ
division	dɪˈvɪʒən
apologize	əˈpɑːlədʒaɪz
divorce	dɪˈvɔːrs
maintain	meɪnˈteɪn
gather	ˈgæðər
royal	ˈrɔɪəl
joint	dʒɔɪnt
birth	bɜːrθ
senator	ˈsenətər
successful	səkˈsesfəl
protection	prəˈtekʃən
locate	ˈloʊkeɪt
album	ˈælbəm
email	iˈmeɪl
thumb	θʌm
register	ˈredʒɪstər
method	ˈmeθəd
mostly	ˈmoʊstli
ocean	ˈoʊʃən
perfectly	ˈpɜːrfəktli
circle	ˈsɜːrkəl
button	ˈbʌtən
ought	ɔːt
audience	ˈɑːdiəns
prevent	prɪˈvent
recommend	rekəˈmend
awful	ˈɑːfəl
soft	sɑːft
ghost	goʊst
particularly	pɑːrˈtɪkjələrli
path	pæθ
negative	ˈnegətɪv
neighbor	ˈneɪbər
application	æpləˈkeɪʃən
ally	ˈælaɪ
mass	mæs
drag	dræg
hardly	ˈhɑːrdli
influence	ˈɪnfluəns
reduce	rəˈduːs
fifteen	fɪfˈtiːn
noise	nɔɪz
shame	ʃeɪm
guarantee	gerənˈtiː
banana	bəˈnænə
content	ˈkɑːntent
nervous	ˈnɜːrvəs
stress	stres
route	ruːt
tool	tuːl
directly	dərˈektli
pilot	ˈpaɪlət
meal	miːl
breath	breθ
Japanese	dʒæpəˈniːz
agreement	əˈgriːmənt
mainly	ˈmeɪnli
commission	kəˈmɪʃən
bath	bæθ
lane	leɪn
highly	ˈhaɪli
estate	ɪˈsteɪt
exercise	ˈeksərsaɪz
propose	prəˈpoʊz
kinda	ˈkɪndə
surface	ˈsɜːrfəs
solve	sɑːlv
capture	ˈkæptʃər
facility	fəˈsɪlɪti
governor	ˈgʌvərnər
talent	ˈtælənt
recent	ˈriːsənt
progress	ˈprɑːgres
fashion	ˈfæʃən
aim	eɪm
suicide	ˈsuːəsaɪd
tall	tɔːl
incredible	ɪnˈkredəbəl
conduct	ˈkɑːndəkt
innocent	ˈɪnəsənt
communication	kəmjuːnəˈkeɪʃən
flow	floʊ
threat	θret
chip	tʃɪp
respond	rɪˈspɑːnd
western	ˈwestərn
appeal	əˈpiːl
zoo	zuː
balance	ˈbæləns
latest	ˈleɪtəst
generation	dʒenərˈeɪʃən
sample	ˈsæmpəl
capital	ˈkæpətəl
lazy	ˈleɪzi
vision	ˈvɪʒən
usual	ˈjuːʒəwəl
punch	pʌntʃ
ridiculous	rɪˈdɪkjələs
prisoner	ˈprɪzənər
nephew	ˈnefju
pepper	ˈpepər
roof	ruːf
metal	ˈmetəl
therefore	ˈðerfɔːr
lip	lɪp
online	ˈɔːnlaɪn
somehow	ˈsʌmhaʊ
surgery	ˈsɜːrdʒəri
basic	ˈbeɪsɪk
wet	wet
bullet	ˈbʊlət
studio	ˈstuːdioʊ
warning	ˈwɔːrnɪŋ
row	roʊ
graduate	ˈgrædʒəwət
whenever	weˈnevər
session	ˈseʃən
chest	tʃest
valley	ˈvæli
border	ˈbɔːrdər
princess	ˈprɪnses
commander	kəˈmændər
injury	ˈɪndʒəri
ad	æd
structure	ˈstrʌktʃər
freeze	friːz
package	ˈpækədʒ
extremely	ekˈstriːmli
lemon	ˈlemən
author	ˈɔːθər
indicate	ˈɪndəkeɪt
purchase	ˈpɜːrtʃəs
zone	zoʊn
possibility	pɑːsəˈbɪlətiː
despite	dɪˈspaɪt
tiny	ˈtaɪni
construction	kənˈstrʌkʃən
cookie	ˈkʊki
rescue	ˈreskju
dump	dʌmp
jury	ˈdʒʊri
familiar	fəˈmɪljər
silly	ˈsɪli
mayor	ˈmeɪər
argument	ˈɑːrgjəmənt
civil	ˈsɪvəl
forty	ˈfɔːrti
detective	dɪˈtektɪv
diamond	ˈdaɪmənd
expensive	ɪkˈspensɪv
inch	ɪntʃ
rarely	ˈrerli
aid	eɪd
personally	ˈpɜːrsənəli
wrist	rɪst
bay	beɪ
stranger	ˈstreɪndʒər
frame	freɪm
authority	əˈθɔːrəti
organize	ˈɔːrgənaɪz
rare	rer
swing	swɪŋ
population	pɑːpjəˈleɪʃən
victory	ˈvɪktəri
inform	ɪnˈfɔːrm
appointment	əˈpɔɪntmənt
shadow	ˈʃædoʊ
honestly	ˈɑːnəstli
attitude	ˈætətuːd
fully	ˈfʊli
bedroom	ˈbedruːm
unfortunately	ənˈfɔːrtʃənətli
European	jʊrəˈpiːən
skirt	skɜːrt
prize	praɪz
loose	luːs
yell	jel
failure	ˈfeɪljər
resource	ˈriːsɔrs
limited	ˈlɪmətəd
proper	ˈprɑːpər
mental	ˈmentəl
pillow	ˈpɪloʊ
climb	klaɪm
reaction	riˈækʃən
bike	baɪk
calendar	ˈkæləndər
gang	gæŋ
surround	sərˈaʊnd
desk	desk
prime	praɪm
wrap	ræp
rat	ræt
tower	ˈtaʊər
iron	ˈaɪərn
advance	ədˈvæns
nail	neɪl
harm	hɑːrm
brilliant	ˈbrɪljənt
rough	rʌf
profit	ˈprɑːfət
monitor	ˈmɑːnətər
eleven	ɪˈlevən
violence	ˈvaɪələns
obvious	ˈɑːbviəs
friendly	ˈfrendli
pattern	ˈpætərn
warn	wɔːrn
fork	fɔːrk
bind	baɪnd
complain	kəmˈpleɪn
forest	ˈfɔːrəst
rank	ræŋk
toy	tɔɪ
ugly	ˈʌgli
region	ˈriːdʒən
seal	siːl
pig	pɪg
troop	truːp
politics	ˈpɑːlətɪks
actual	ˈæktʃəwəl
reference	ˈrefərəns
fruit	fruːt
lately	ˈleɪtli
click	klɪk
junior	ˈdʒuːnjər
devil	ˈdevəl
literally	ˈlɪtərəli
previously	ˈpriːviəsli
pure	pjʊr
profile	ˈproʊfaɪl
lover	ˈlʌvər
bug	bʌg
net	net
background	ˈbækgraʊnd
impact	ɪmˈpækt
exciting	ɪkˈsaɪtɪŋ
museum	mjuˈziːəm
sink	sɪŋk
environment	ɪnˈvaɪrənmənt
toward	təˈwɔːrd
illegal	ɪˈliːgəl
Spanish	ˈspænɪʃ
squad	skwɑːd
throughout	θruˈaʊt
association	əsoʊsiˈeɪʃən
executive	ɪgˈzekjətɪv
retire	rɪˈtaɪr
foundation	faʊnˈdeɪʃən
extend	ɪkˈstend
debt	det
mirror	ˈmɪrər
ankle	ˈæŋkəl
arrange	ərˈeɪndʒ
experiment	ɪkˈsperəmənt
flag	flæg
payment	ˈpeɪmənt
sue	suː
wise	waɪz
tomato	təˈmeɪtoʊ
pet	pet
horrible	ˈhɔːrəbəl
regret	rəˈgret
reward	rɪˈwɔːrd
investment	ɪnˈvestmənt
joy	dʒɔɪ
lost	lɔːst
asleep	əˈsliːp
approve	əˈpruːv
root	ruːt
whoever	huˈevər
shout	ʃaʊt
basically	ˈbeɪsɪkli
photograph	ˈfoʊtəgræf
presence	ˈprezəns
delete	dɪˈliːt
frequently	ˈfriːkwəntli
status	ˈstætəs
pencil	ˈpensəl
element	ˈeləmənt
desert	ˈdezərt
fox	fɑːks
solid	ˈsɑːləd
port	pɔːrt
circumstance	ˈsɜːrkəmstæns
scale	skeɪl
classic	ˈklæsɪk
golden	ˈgoʊldən
ancient	ˈeɪntʃənt
previous	ˈpriːviəs
fuel	ˈfjuːəl
shine	ʃaɪn
journey	ˈdʒɜːrni
achieve	əˈtʃiːv
mood	muːd
bat	bæt
candidate	ˈkændədeɪt
alarm	əˈlɑːrm
dozen	ˈdʌzən
engineer	ˈendʒənɪr
slowly	ˈsloʊli
procedure	prəˈsiːdʒər
update	əpˈdeɪt
complex	ˈkɑːmpleks
abuse	əˈbjuːs
analysis	əˈnæləsəs
investigate	ɪnˈvestəgeɪt
knight	naɪt
active	ˈæktɪv
zero	ˈzɪroʊ
spin	spɪn
password	ˈpæswɜːrd
passenger	ˈpæsəndʒər
naked	ˈneɪkəd
cigarette	sɪgərˈet
thus	ðʌs
addition	əˈdɪʃən
borrow	ˈbɑːroʊ
onion	ˈʌnjən
entirely	ɪnˈtaɪərli
quote	kwoʊt
scientist	ˈsaɪəntɪst
proceed	prəˈsiːd
universe	ˈjuːnəvɜːrs
cloud	klaʊd
reserve	rɪˈzɜːrv
inspire	ɪnˈspaɪr
cable	ˈkeɪbəl
pizza	ˈpiːtsə
stare	ster
youth	juːθ
drama	ˈdrɑːmə
manner	ˈmænər
temperature	ˈtemprətʃər
defeat	dɪˈfiːt
accuse	əˈkjuːz
creature	ˈkriːtʃər
slave	sleɪv
vacation	veɪˈkeɪʃən
telephone	ˈteləfoʊn
nuclear	ˈnuːkliər
prayer	prer
sin	sɪn
religious	rɪˈlɪdʒəs
permission	pərˈmɪʃən
text	tekst
trace	treɪs
visible	ˈvɪzəbəl
bull	bʊl
billion	ˈbɪljən
concept	ˈkɑːnsept
means	miːnz
marine	mərˈiːn
expose	ɪkˈspoʊz
sheriff	ˈʃerəf
discussion	dɪˈskʌʃən
species	ˈspiːʃiz
multiple	ˈmʌltəpəl
slide	slaɪd
vice	vaɪs
surely	ˈʃʊrli
navy	ˈneɪvi
crush	krʌʃ
internet	ˈɪntərnet
pitch	pɪtʃ
sweater	ˈswetər
sheet	ʃiːt
promote	prəˈmoʊt
nowhere	ˈnoʊwer
volunteer	vɑːlənˈtɪr
task	tæsk
demon	ˈdiːmən
delay	dɪˈleɪ
incident	ˈɪnsədənt
brave	breɪv
emotional	ɪˈmoʊʃənəl
suitable	ˈsuːtəbəl
intelligence	ɪnˈtelədʒəns
priest	priːst
tend	tend
romantic	roʊˈmæntɪk
insane	ɪnˈseɪn
impress	ɪmˈpres
factor	ˈfæktər
chat	tʃæt
trail	treɪl
delivery	dɪˈlɪvəri
steel	stiːl
mask	mæsk
oven	ˈʌvən
transport	trænˈspɔːrt
encourage	enˈkɜːrɪdʒ
poison	ˈpɔɪzən
insist	ɪnˈsɪst
religion	rɪˈlɪdʒən
contest	ˈkɑːntest
twin	twɪn
aside	əˈsaɪd
pump	pʌmp
tail	teɪl
relation	riˈleɪʃən
rainbow	ˈreɪnboʊ
tune	tuːn
independent	ɪndɪˈpendənt
fancy	ˈfænsi
recover	rɪˈkʌvər
golf	gɑːlf
reporter	rɪˈpɔːrtər
duck	dʌk
uniform	ˈjuːnəfɔːrm
display	dɪˈspleɪ
mount	maʊnt
sexy	ˈseksi
scare	sker
abandon	əˈbændən
cancel	ˈkænsəl
fry	fraɪ
recall	ˈriːkɔːl
polite	pəˈlaɪt
funeral	ˈfjuːnərəl
bleed	bliːd
brief	briːf
dragon	ˈdrægən
declare	dɪˈkler
turkey	ˈtɜːrki
terrorist	ˈterərɪst
baseball	ˈbeɪsbɔːl
ending	ˈendɪŋ
string	strɪŋ
electric	ɪˈlektrɪk
equal	ˈiːkwəl
grave	greɪv
pride	praɪd
dentist	ˈdentəst
growth	groʊθ
battery	ˈbætəri
appearance	əˈpɪrəns
barely	ˈberli
income	ˈɪnkʌm
strip	strɪp
sergeant	ˈsɑːrdʒənt
false	fɔːls
attract	əˈtrækt
muscle	ˈmʌsəl
silence	ˈsaɪləns
assault	əˈsɔːlt
hobby	ˈhɑːbi
resident	ˈrezɪdənt
armed	ɑːrmd
cure	kjʊr
pork	pɔːrk
sacrifice	ˈsækrəfaɪs
estimate	ˈestəmət
motion	ˈmoʊʃən
sword	sɔːrd
tongue	tʌŋ
mystery	ˈmɪstəri
flash	flæʃ
throat	θroʊt
confidence	ˈkɑːnfədəns
spare	sper
ex	eks
pal	pæl
chemical	ˈkeməkəl
instance	ˈɪnstəns
description	dɪˈskrɪpʃən
sharp	ʃɑːrp
critical	ˈkrɪtɪkəl
concert	ˈkɑːnsərt
select	səˈlekt
occasion	əˈkeɪʒən
fee	fiː
tag	tæg
nerve	nɜːrv
broad	brɔːd
jeans	dʒiːnz
fridge	frɪdʒ
budget	ˈbʌdʒɪt
wolf	wʊlf
pot	pɑːt
theme	θiːm
twist	twɪst
spy	spaɪ
stretch	stretʃ
writing	ˈraɪtɪŋ
sail	seɪl
stream	striːm
heal	hiːl
deck	dek
tire	ˈtaɪər
factory	ˈfæktəri
genius	ˈdʒiːnjəs
southern	ˈsʌðərn
capable	ˈkeɪpəbəl
thin	θɪn
strategy	ˈstrætədʒi
pipe	paɪp
mouse	maʊs
attractive	əˈtræktɪv
missing	ˈmɪsɪŋ
tap	tæp
plain	pleɪn
pin	pɪn
sudden	ˈsʌdən
dive	daɪv
relative	ˈrelətɪv
qualify	ˈkwɑːləfaɪ
permit	pərˈmɪt
adopt	əˈdɑːpt
personality	pɜːrsəˈnælɪti
alien	ˈeɪliən
basis	ˈbeɪsəs
ton	tʌn
legend	ˈledʒənd
bloody	ˈblʌdi
duke	duːk
chick	tʃɪk
snake	sneɪk
branch	bræntʃ
chairman	ˈtʃermən
snap	snæp
offense	əˈfens
pill	pɪl
spoon	spuːn
territory	ˈterɪtɔːri
entry	ˈentri
complicated	ˈkɑːmpləkeɪtəd
chapter	ˈtʃæptər
technique	tekˈniːk
candy	ˈkændi
plot	plɑːt
monkey	ˈmʌŋki
administration	ædmɪnɪˈstreɪʃən
toilet	ˈtɔɪlət
primary	ˈpraɪmeri
comfort	ˈkʌmfərt
fantasy	ˈfæntəsi
bend	bend
height	haɪt
crown	kraʊn
basketball	ˈbæskətbɔːl
lonely	ˈloʊnli
disgust	dɪsˈgʌst
sand	sænd
pleased	pliːzd
cow	kaʊ
broken	ˈbroʊkən
producer	prəˈduːsər
unique	juˈniːk
skip	skɪp
Indian	ˈɪndiən
crisis	ˈkraɪsəs
define	dɪˈfaɪn
conflict	ˈkɑːnflɪkt
exact	ɪgˈzækt
fortune	ˈfɔːrtʃən
debate	dəˈbeɪt
chart	tʃɑːrt
tone	toʊn
hop	hɑːp
peach	piːtʃ
tiger	ˈtaɪgər
journal	ˈdʒɜːrnəl
bid	bɪd
identity	aɪˈdentɪtiː
visitor	ˈvɪzɪtər
hip	hɪp
repair	rɪˈper
pour	pɔːr
chamber	ˈtʃeɪmbər
annual	ˈænjuəl
dust	dʌst
editor	ˈedətər
prior	ˈpraɪər
curious	ˈkjʊriəs
sunny	ˈsʌni
shell	ʃel
novel	ˈnɑːvəl
fate	feɪt
boring	ˈbɔːrɪŋ
emotion	ɪˈmoʊʃən
congress	ˈkɑːŋgrəs
motor	ˈmoʊtər
singer	ˈsɪŋər
log	lɔːg
bicycle	ˈbaɪsɪkəl
trash	træʃ
finance	fəˈnæns
highway	ˈhaɪweɪ
outfit	ˈaʊtfɪt
scary	ˈskeri
naturally	ˈnætʃərəli
phase	feɪz
adventure	ædˈventʃər
fighter	ˈfaɪtər
kingdom	ˈkɪŋdəm
observe	əbˈzɜːrv
trigger	ˈtrɪgər
hunter	ˈhʌntər
badly	ˈbædli
alternative	ɔlˈtɜːrnətɪv
tube	tuːb
dish	dɪʃ
gear	gɪr
deputy	ˈdepjəti
shooting	ˈʃuːtɪŋ
reasonable	ˈriːzənəbəl
explanation	ekspləˈneɪʃən
additional	əˈdɪʃənəl
plastic	ˈplæstɪk
assure	əˈʃʊr
elbow	ˈelboʊ
diet	ˈdaɪət
scratch	skrætʃ
blast	blæst
decent	ˈdiːsənt
sausage	ˈsɔːsədʒ
useful	ˈjuːsfəl
native	ˈneɪtɪv
protest	ˈproʊtest
friendship	ˈfrendʃɪp
lion	ˈlaɪən
laptop	ˈlæptɑːp
beast	biːst
tradition	trəˈdɪʃən
upper	ˈʌpər
bible	ˈbaɪbəl
opposite	ˈɑːpəzət
script	skrɪpt
decade	deˈkeɪd
jealous	ˈdʒeləs
grape	greɪp
global	ˈgloʊbəl
oppose	əˈpoʊz
strawberry	ˈstrɔːberi
fishing	ˈfɪʃɪŋ
gut	gʌt
castle	ˈkæsəl
examine	ɪgˈzæmɪn
habit	ˈhæbət
principle	ˈprɪnsəpəl
length	leŋkθ
alcohol	ˈælkəhɑːl
therapy	ˈθerəpi
witch	wɪtʃ
minor	ˈmaɪnər
bush	bʊʃ
breast	brest
disturb	dɪˈstɜːrb
panic	ˈpænɪk
happiness	ˈhæpinəs
kidnap	ˈkɪdnæp
carefully	ˈkerfəli
fog	fɑːg
cafe	kəˈfeɪ
farmer	ˈfɑːrmər
assist	əˈsɪst
arrangement	ərˈeɪndʒmənt
slightly	ˈslaɪtli
festival	ˈfestəvəl
attach	əˈtætʃ
appropriate	əˈproʊpriət
niece	niːs
passion	ˈpæʃən
unusual	ənˈjuːʒuːəl
volume	ˈvɑːljum
steam	stiːm
sweat	swet
instruction	ɪnˈstrʌkʃən
pardon	ˈpɑːrdən
grandma	ˈgrændmɑ
counter	ˈkaʊntər
anniversary	ænəˈvɜːrsəri
miracle	ˈmɪrəkəl
angle	ˈæŋgəl
combine	ˈkɑːmbaɪn
sandwich	ˈsændwɪtʃ
umbrella	əmˈbrelə
wipe	waɪp
institution	ɪnstɪˈtuːʃən
operator	ˈɑːpəreɪtər
combination	kɑːmbəˈneɪʃən
autumn	ˈɔːtəm
loser	ˈluːzər
draft	dræft
bow	baʊ
initial	ɪˈnɪʃəl
advise	ædˈvaɪz
complaint	kəmˈpleɪnt
mill	mɪl
sensitive	ˈsensətɪv
pie	paɪ
gene	dʒiːn
silent	ˈsaɪlənt
divide	dɪˈvaɪd
torture	ˈtɔːrtʃər
comic	ˈkɑːmɪk
curse	kɜːrs
core	kɔːr
babe	beɪb
traditional	trəˈdɪʃənəl
nightmare	ˈnaɪtmer
mobile	ˈmoʊbəl
stake	steɪk
exit	ˈegzɪt
virus	ˈvaɪrəs
temple	ˈtempəl
sixteen	sɪkˈstiːn
expression	ɪkˈspreʃən
seed	siːd
error	ˈerər
compete	kəmˈpiːt
radar	ˈreɪdɑːr
economy	ɪˈkɑːnəmi
charity	ˈtʃerɪti
intention	ɪnˈtentʃən
jerk	dʒɜːrk
Catholic	ˈkæθlɪk
luggage	ˈlʌgədʒ
succeed	səkˈsiːd
sixty	ˈsɪksti
leak	liːk
shore	ʃɔːr
rumor	ˈruːmər
grateful	ˈgreɪtfəl
normally	ˈnɔːrməli
insult	ɪnˈsʌlt
reputation	repjəˈteɪʃən
horn	hɔːrn
kit	kɪt
midnight	ˈmɪdnaɪt
suggestion	səˈdʒestʃən
representative	reprəˈzentətɪv
upstairs	əpˈsterz
tale	teɪl
hug	hʌg
flip	flɪp
reject	rɪˈdʒekt
label	ˈleɪbəl
personnel	pɜːrsəˈnel
impression	ɪmˈpreʃən
palace	ˈpæləs
anger	ˈæŋgər
expense	ɪkˈspens
warrant	ˈwɔːrənt
handsome	ˈhænsəm
dawn	dɔːn
properly	ˈprɑːpərli
web	web
jet	dʒet
float	floʊt
ban	bæn
doll	dɑːl
northern	ˈnɔːrðərn
boom	buːm
consequence	ˈkɑːnsəkwəns
smooth	smuːð
disappointed	dɪsəˈpɔɪntɪd
Jewish	ˈdʒuːɪʃ
guitar	gɪˈtɑːr
majority	məˈdʒɔːrəti
belief	bɪˈliːf
authorities	əˈθɔːrətiz
carrot	ˈkærət
invest	ɪnˈvest
warrior	ˈwɔːriər
wherever	weˈrevər
scientific	saɪənˈtɪfɪk
crystal	ˈkrɪstəl
disaster	dɪˈzæstər
forehead	ˈfɔːrhed
embarrass	ɪmˈberəs
actress	ˈæktrəs
corporation	kɔːrpərˈeɪʃən
massive	ˈmæsɪv
custom	ˈkʌstəm
valuable	ˈvæljəbəl
elect	ɪˈlekt
Roman	ˈroʊmən
poem	ˈpoʊəm
combat	ˈkɑːmbæt
piano	piˈænoʊ
toe	toʊ
ceremony	ˈserəmoʊni
patch	pætʃ
liar	ˈlaɪər
routine	ruˈtiːn
brush	brʌʃ
championship	ˈtʃæmpiənʃɪp
garage	gərˈɑːʒ
math	mæθ
penny	ˈpeni
desperate	ˈdesprɪt
coin	kɔɪn
dealer	ˈdiːlər
downtown	ˈdaʊntaʊn
eastern	ˈiːstərn
unknown	ənˈnoʊn
moral	ˈmɔːrəl
gorgeous	ˈgɔːrdʒəs
relief	rɪˈliːf
instrument	ˈɪnstrəmənt
via	ˈvaɪə
ours	ˈaʊərz
entertainment	entərˈteɪnmənt
Olympic	oʊˈlɪmpɪk
rope	roʊp
Greek	griːk
ease	iːz
principal	ˈprɪnsəpəl
scheme	skiːm
regulation	regjəˈleɪʃən
convention	kənˈvenʃən
tunnel	ˈtʌnəl
gamble	ˈgæmbəl
clue	kluː
medal	ˈmedəl
cycle	ˈsaɪkəl
chill	tʃɪl
obtain	əbˈteɪn
thick	θɪk
republican	rɪˈpʌblɪkən
electronic	ɪlekˈtrɑːnɪk
extreme	ekˈstriːm
reflect	rɪˈflekt
bishop	ˈbɪʃəp
punish	ˈpʌnɪʃ
stable	ˈsteɪbəl
asset	ˈæset
revolution	revəˈluːʃən
academy	əˈkædəmi
flood	flʌd
gross	groʊs
jam	dʒæm
hearing	ˈhiːrɪŋ
sweep	swiːp
officially	əˈfɪʃəli
priority	praɪˈɔːrəti
empire	ˈempaɪər
taxi	ˈtæksi
glory	ˈglɔːri
goods	gʊdz
reverse	rɪˈvɜːrs
contribute	kənˈtrɪbjut
broadcast	ˈbrɔːdkæst
assign	əˈsaɪn
avenue	ˈævənuː
technical	ˈteknɪkəl
typical	ˈtɪpəkəl
gym	dʒɪm
satellite	ˈsætəlaɪt
concentrate	ˈkɑːnsəntreɪt
praise	preɪz
drill	drɪl
conclusion	kənˈkluːʒən
capacity	kəˈpæsəti
sometime	ˈsʌmtaɪm
inspector	ɪnˈspektər
courage	ˈkɜːrədʒ
advanced	ədˈvænst
possession	pəˈzeʃən
precious	ˈpreʃəs
fence	fens
platform	ˈplætfɔːrm
thief	θiːf
musical	ˈmjuːzɪkəl
dedicate	ˈdedəkeɪt
depth	depθ
sector	ˈsektər
proposal	prəˈpoʊzəl
ordinary	ˈɔːrdəneri
variety	vərˈaɪəti
internal	ɪnˈtɜːrnəl
user	ˈjuːzər
explore	ɪkˈsplɔːr
reply	rɪˈplaɪ
rub	rʌb
bean	biːn
rocket	ˈrɑːkət
specifically	spəˈsɪfɪkli
edition	əˈdɪʃən
impressive	ɪmˈpresɪv
clever	ˈklevər
nonsense	ˈnɑːnsens
superior	suˈpɪriər
shark	ʃɑːrk
humor	ˈhjuːmər
lifetime	ˈlaɪftaɪm
breed	briːd
thrill	θrɪl
engineering	ˈendʒənɪrɪŋ
awake	əˈweɪk
corporate	ˈkɔːrpərət
expand	ɪkˈspænd
mercy	ˈmɜːrsi
ensure	enˈʃʊr
sweetheart	ˈswiːthɑːrt
flame	fleɪm
senate	ˈsenət
liberty	ˈlɪbərtiː
assignment	əˈsaɪnmənt
privilege	ˈprɪvlədʒ
dismiss	dɪˈsmɪs
charm	tʃɑːrm
meanwhile	ˈmiːnwaɪl
waist	weɪst
interrupt	ɪntərˈʌpt
missile	ˈmɪsəl
permanent	ˈpɜːrmənənt
smash	smæʃ
politician	pɑːləˈtɪʃən
speaker	ˈspiːkər
supreme	səˈpriːm
childhood	ˈtʃaɪldhʊd
steady	ˈstedi
invent	ɪnˈvent
swell	swel
treasure	ˈtreʒər
dirt	dɜːrt
deposit	dəˈpɑːzɪt
delicious	dɪˈlɪʃəs
violent	ˈvaɪələnt
costume	kɑˈstuːm
toast	toʊst
injure	ˈɪndʒər
drown	draʊn
apology	əˈpɑːlədʒiː
closet	ˈklɑːzət
lean	liːn
garlic	ˈgɑːrlɪk
panel	ˈpænəl
goodness	ˈgʊdnəs
whip	wɪp
reader	ˈriːdər
behave	bɪˈheɪv
creative	kriˈeɪtɪv
fourteen	ˈfɔːrtiːn
punk	pʌŋk
rabbit	ˈræbət
manufacture	mænjəˈfæktʃər
aircraft	ˈerkræft
encounter	ɪnˈkaʊntər
entrance	ˈentrəns
delight	dɪˈlaɪt
peak	piːk
eagle	ˈiːgəl
participate	pɑrˈtɪsəpeɪt
rifle	ˈraɪfəl
civilian	səˈvɪljən
assistance	əˈsɪstəns
tournament	ˈtʊrnəmənt
majesty	ˈmædʒəsti
bump	bʌmp
spoil	spɔɪl
pursue	pərˈsuː
shield	ʃiːld
exam	ɪgˈzæm
chop	tʃɑːp
execute	ˈeksəkjuːt
minimum	ˈmɪnəməm
melt	melt
visual	ˈvɪʒəwəl
hopefully	ˈhoʊpfəli
mushroom	ˈmʌʃrum
survey	sərˈveɪ
robot	ˈroʊbɑːt
mall	mɔːl
unable	əˈneɪbəl
overall	ˈoʊvərɔːl
sum	sʌm
comedy	ˈkɑːmədi
vessel	ˈvesəl
resist	rɪˈzɪst
weigh	weɪ
cage	keɪdʒ
existence	egˈzɪstəns
pan	pæn
pit	pɪt
aspect	ˈæspekt
shave	ʃeɪv
discovery	dɪˈskʌvəri
cave	keɪv
servant	ˈsɜːrvənt
Canadian	kəˈneɪdiən
tattoo	tæˈtuː
penalty	ˈpenəlti
con	kɑːn
absolute	ˈæbsəluːt
pose	poʊz
stroke	stroʊk
grass	græs
entitle	enˈtaɪtəl
annoy	əˈnɔɪ
hack	hæk
acquire	əˈkwaɪər
cowboy	ˈkaʊbɔɪ
commissioner	kəˈmɪʃənər
employ	emˈplɔɪ
column	ˈkɑːləm
toss	tɔːs
ward	wɔːrd
Mexican	ˈmeksəkən
install	ɪnˈstɔːl
wage	weɪdʒ
cliff	klɪf
solo	ˈsoʊloʊ
appoint	əˈpɔɪnt
casino	kəˈsiːnoʊ
bake	beɪk
explosion	ɪkˈsploʊʒən
Korean	kɔːˈriːən
notebook	ˈnoʊtbʊk
rely	rɪˈlaɪ
wallet	ˈwɔːlət
following	ˈfɑːloʊɪŋ
garbage	ˈgɑːrbɪdʒ
sofa	ˈsoʊfə
sneak	sniːk
random	ˈrændəm
nasty	ˈnæsti
lend	lend
sponsor	ˈspɑːnsər
vampire	ˈvæmpaɪr
pace	peɪs
unlike	ənˈlaɪk
lung	lʌŋ
perspective	pərˈspektɪv
seventeen	ˈsevəntiːn
someday	ˈsʌmdeɪ
rude	ruːd
commitment	kəˈmɪtmənt
surgeon	ˈsɜːrdʒən
temporary	ˈtempəreri
submit	səbˈmɪt
meter	ˈmiːtər
acid	ˈæsəd
rear	rɪr
Muslim	ˈmʌzləm
couch	kaʊtʃ
deeply	ˈdiːpli
anytime	ˈenitaɪm
tech	tek
pulse	pʌls
stab	stæb
destiny	ˈdestəni
demonstrate	ˈdemənstreɪt
institute	ˈɪnstətuːt
powder	ˈpaʊdər
drum	drʌm
domestic	dəˈmestɪk
promotion	prəˈmoʊʃən
aboard	əˈbɔːrd
recovery	rɪˈkʌvri
originally	ərˈɪdʒənəli
accomplish	əˈkɑːmplɪʃ
tenth	tenθ
dancer	ˈdænsər
colleague	ˈkɑːlig
forth	fɔːrθ
journalist	ˈdʒɜːrnələst
pile	paɪl
gallery	ˈgæləri
soccer	ˈsɑːkər
mighty	ˈmaɪti
wreck	rek
thirteen	ˈθɜːrtiːn
judgment	ˈdʒʌdʒmənt
scout	skaʊt
collapse	kəˈlæps
immediate	ɪˈmiːdiːət
slight	slaɪt
constant	ˈkɑːnstənt
eliminate	ɪˈlɪməneɪt
unbelievable	ʌnbəˈliːvəbəl
Dutch	dʌtʃ
blade	bleɪd
clip	klɪp
shelter	ˈʃeltər
admire	ædˈmaɪr
romance	roʊˈmæns
edit	ˈedət
makeup	ˈmeɪkʌp
eighteen	eɪˈtiːn
terrific	tərˈɪfɪk
restore	rɪˈstɔːr
bride	braɪd
lecture	ˈlektʃər
fold	foʊld
occupy	ˈɑːkjəpaɪ
afterwards	ˈæftərwərdz
severe	səˈvɪr
flesh	fleʃ
ambassador	æmˈbæsədər
starve	stɑːrv
approximately	əˈprɑːksəmətli
salary	ˈsæləri
headquarters	ˈhedkwɔːrtərz
difficulty	ˈdɪfəkəlti
pearl	pɜːrl
polish	ˈpɑːlɪʃ
remote	rɪˈmoʊt
revenge	riˈvendʒ
spit	spɪt
harbor	ˈhɑːrbər
enterprise	ˈentərpraɪz
fascinate	ˈfæsəneɪt
scan	skæn
pole	poʊl
cruise	kruːz
possess	pəˈzes
helicopter	ˈhelɪkɑːptər
eyebrow	ˈaɪbraʊ
narrow	ˈneroʊ
household	ˈhaʊshoʊld
practically	ˈpræktɪkli
keyboard	ˈkiːbɔːrd
urge	ɜːrdʒ
raw	rɑː
merely	ˈmɪrli
swallow	ˈswɑːloʊ
patrol	pəˈtroʊl
symbol	ˈsɪmbəl
topic	ˈtɑːpɪk
Asian	ˈeɪʒən
storage	ˈstɔːrədʒ
slap	slæp
tissue	ˈtɪsjuː
confess	kənˈfes
pleasant	ˈplezənt
campus	ˈkæmpəs
phrase	freɪz
charming	ˈtʃɑːrmɪŋ
symptom	ˈsɪmptəm
surrender	sərˈendər
maximum	ˈmæksəməm
bonus	ˈboʊnəs
exception	ɪkˈsepʃən
lad	læd
circuit	ˈsɜːrkət
lap	læp
entertain	entərˈteɪn
fever	ˈfiːvər
murderer	ˈmɜːrdərər
medium	ˈmiːdiəm
category	ˈkætəgɔːri
celebrity	səˈlebrɪti
whisper	ˈwɪspər
stamp	stæmp
basement	ˈbeɪsmənt
hammer	ˈhæmər
brick	brɪk
signature	ˈsɪgnətʃər
practical	ˈpræktəkəl
darkness	ˈdɑːrknəs
necessarily	nesəˈserəli
marketing	ˈmɑːrkətɪŋ
defendant	dɪˈfendənt
palm	pɑːm
era	ˈerə
somewhat	ˈsʌmwʌt
crawl	krɔːl
leadership	ˈliːdərʃɪp
compromise	ˈkɑːmprəmaɪz
horror	ˈhɔːrər
convict	ˈkɑːnvɪkt
raid	reɪd
Latin	ˈlætən
sauce	sɔːs
preserve	prəˈzɜːrv
privacy	ˈpraɪvəsi
extraordinary	ekstrəˈɔːrdəneri
ideal	aɪˈdiːl
noble	ˈnoʊbəl
stairs	sterz
acknowledge	ækˈnɑːlɪdʒ
explode	ɪkˈsploʊd
spider	ˈspaɪdər
bubble	ˈbʌbəl
ashamed	əˈʃeɪmd
testify	ˈtestəfaɪ
elevator	ˈeləveɪtər
jungle	ˈdʒʌŋgəl
cabinet	ˈkæbənət
mode	moʊd
heel	hiːl
bounce	baʊns
useless	ˈjuːsləs
liberal	ˈlɪbɜːrəl
bee	biː
poetry	ˈpoʊətri
merry	ˈmeri
helpful	ˈhelpfəl
cabin	ˈkæbən
punishment	ˈpʌnɪʃmənt
closely	ˈkloʊsli
definition	defəˈnɪʃən
resistance	rɪˈzɪstəns
everyday	ˈevrideɪ
engagement	enˈgeɪdʒmənt
clinic	ˈklɪnɪk
depression	dɪˈpreʃən
sustain	səˈsteɪn
communist	ˈkɑːmjənəst
decline	dɪˈklaɪn
pathetic	pəˈθetɪk
sequence	ˈsiːkwəns
communicate	kəˈmjuːnəkeɪt
behalf	bɪˈhæf
inner	ˈɪnər
fleet	fliːt
custody	ˈkʌstədi
exhibit	ɪgˈzɪbɪt
scarf	skɑːrf
accurate	ˈækjərət
ultimate	ˈʌltəmət
generate	ˈdʒenəreɪt
layer	ˈleɪər
drain	dreɪn
bored	bɔːrd
imagination	ɪmædʒəˈneɪʃən
conclude	kənˈkluːd
reform	rəˈfɔːrm
contribution	kɑːntrəˈbjuːʃən
nearby	ˈnɪrbaɪ
exclusive	ɪksˈkluːsɪv
disorder	dɪˈsɔːrdər
react	riˈækt
constantly	ˈkɑːnstəntli
frozen	ˈfroʊzən
cotton	ˈkɑːtən
objective	əbˈdʒektɪv
plug	plʌg
booth	buːθ
adjust	əˈdʒʌst
scissors	ˈsɪzərz
whistle	ˈwɪsəl
electricity	ɪlekˈtrɪsəti
translate	trænzˈleɪt
withdraw	wɪðˈdrɔː
hostage	ˈhɑːstɪdʒ
painful	ˈpeɪnfəl
leather	ˈleðər
retirement	riˈtaɪərmənt
ambulance	ˈæmbjələns
creep	kriːp
incredibly	ɪnˈkredəbli
organ	ˈɔːrgən
Australian	ɔˈstreɪljən
forbid	fərˈbɪd
literature	ˈlɪtərətʃər
escort	eˈskɔːrt
coverage	ˈkʌvərədʒ
hockey	ˈhɑːki
bench	bentʃ
convert	ˈkɑːnvərt
whale	weɪl
creation	kriˈeɪʃən
historical	hɪˈstɔːrɪkəl
spill	spɪl
importance	ɪmˈpɔːrtəns
infection	ɪnˈfekʃən
origin	ˈɔːrədʒən
bureau	ˈbjʊroʊ
rage	reɪdʒ
robbery	ˈrɑːbəri
trunk	trʌŋk
bail	beɪl
dine	daɪn
fairly	ˈferli
ranger	ˈreɪndʒər
shortly	ˈʃɔːrtli
backup	ˈbækʌp
trailer	ˈtreɪlər
recruit	rəˈkruːt
sack	sæk
squeeze	skwiːz
housing	ˈhaʊzɪŋ
protein	ˈproʊtiːn
tennis	ˈtenəs
philosophy	fəˈlɑːsəfi
tent	tent
suspend	səˈspend
photographer	fəˈtɑːgrəfər
objection	əbˈdʒekʃən
invitation	ɪnvɪˈteɪʃən
atmosphere	ˈætməsfɪr
improvement	ɪmˈpruːvmənt
announcement	əˈnaʊnsmənt
approval	əˈpruːvəl
settlement	ˈsetəlmənt
clown	klaʊn
ski	skiː
relieve	rɪˈliːv
boil	bɔɪl
soil	sɔɪl
satisfied	ˈsætəsfaɪd
hood	hʊd
sigh	saɪ
furniture	ˈfɜːrnɪtʃər
resolve	riˈzɑːlv
thread	θred
confident	ˈkɑːnfədənt
athlete	ˈæθliːt
essential	eˈsenʃəl
barrel	ˈbærəl
arrival	ərˈaɪvəl
elephant	ˈeləfənt
bully	ˈbʊli
spray	spreɪ
pirate	ˈpaɪrət
ace	eɪs
discipline	ˈdɪsəplən
beam	biːm
embrace	emˈbreɪs
industrial	ɪnˈdʌstriəl
advertising	ˈædvərtaɪzɪŋ
alter	ˈɔːltər
medication	medəˈkeɪʃən
celebration	seləˈbreɪʃən
dock	dɑːk
shy	ʃaɪ
alliance	əˈlaɪəns
detect	dɪˈtekt
vegetable	ˈvedʒtəbəl
awkward	ˈɑːkwərd
worship	ˈwɜːrʃəp
accompany	əˈkʌmpəni
tourist	ˈtʊrəst
poet	ˈpoʊət
pope	poʊp
expectation	ekspekˈteɪʃən
carrier	ˈkæriər
republic	riˈpʌblək
genetic	dʒəˈnetɪk
vital	ˈvaɪtəl
formula	ˈfɔːrmjələ
rebel	ˈrebəl
champagne	ʃæmˈpeɪn
predict	prɪˈdɪkt
analyze	ˈænəlaɪz
airline	ˈerlaɪn
educate	ˈedʒəkeɪt
headache	ˈhedeɪk
chef	ʃef
terrify	ˈterəfaɪ
homework	ˈhoʊmwɜːrk
craft	kræft
compliment	ˈkɑːmpləment
surveillance	sərˈveɪləns
slam	slæm
imply	ɪmˈplaɪ
emperor	ˈempərər
selection	səˈlekʃən
conservative	kənˈsɜːrvətɪv
hint	hɪnt
counsel	ˈkaʊnsəl
resort	rɪˈzɔːrt
fairy	ˈferi
shade	ʃeɪd
maintenance	ˈmeɪntənəns
rally	ˈræli
critic	ˈkrɪtɪk
portion	ˈpɔːrʃən
academic	ækəˈdemɪk
poll	poʊl
coordinate	koʊˈɔːrdənət
turtle	ˈtɜːrtəl
designer	dɪˈzaɪnər
fluid	ˈfluːəd
recipe	ˈresəpi
rubber	ˈrʌbər
rail	reɪl
wander	ˈwɑːndər
shed	ʃed
certificate	sərˈtɪfɪkət
pity	ˈpɪti
destruction	dɪˈstrʌkʃən
parade	pərˈeɪd
requirement	rɪˈkwaɪrmənt
gentle	ˈdʒentəl
stun	stʌn
fraud	frɔːd
dramatic	drəˈmætɪk
intelligent	ɪnˈtelədʒənt
flee	fliː
cherry	ˈtʃeri
slice	slaɪs
betray	bɪˈtreɪ
replacement	rɪˈpleɪsmənt
jewelry	ˈdʒuːəlri
candle	ˈkændəl
generous	ˈdʒenərəs
server	ˈsɜːrvər
auto	ˈɔːtoʊ
stink	stɪŋk
Italian	ɪˈtæljən
pad	pæd
burger	ˈbɜːrgər
coal	koʊl
assembly	əˈsembli
miserable	ˈmɪzərəbəl
democracy	dɪˈmɑːkrəsi
illness	ˈɪlnəs
strain	streɪn
brake	breɪk
bout	baʊt
trauma	ˈtrɔːmə
outstanding	aʊtˈstændɪŋ
soda	ˈsoʊdə
eighty	ˈeɪti
ninety	ˈnaɪnti
seventy	ˈsevənti
nineteen	ˈnaɪntiːn
kettle	ˈketəl
pear	per
windy	ˈwɪndi
cloudy	ˈklaʊdi
pop	pɑːp
lower	ˈloʊər
buck	bʌk
pro	proʊ
rip	rɪp
rob	rɑːb
lab	læb
bang	bæŋ
alert	əˈlɜːrt
sub	sʌb
cab	kæb
railroad	ˈreɪlroʊd
rating	ˈreɪtɪŋ
suite	swiːt
sweetie	ˈswiːti
underground	ˈʌndərgraʊnd
fade	feɪd
menu	ˈmenju
frequency	ˈfriːkwənsi
consult	kənˈsʌlt
carpet	ˈkɑːrpət
corn	kɔːrn
fabulous	ˈfæbjələs
intense	ɪnˈtens
spark	spɑːrk
emerge	ɪˈmɜːrdʒ
needle	ˈniːdəl
teenager	ˈtiːneɪdʒər
drawing	ˈdrɔːɪŋ
maid	meɪd
cruel	ˈkruːəl
remarkable	rɪˈmɑːrkəbəl
climate	ˈklaɪmət
skull	skʌl
regional	ˈriːdʒənəl
rap	ræp
reservation	rezərˈveɪʃən
urban	ˈɜːrbən
liquid	ˈlɪkwəd
oxygen	ˈɑːksədʒən
confuse	kənˈfjuːz
negotiate	nəˈgoʊʃieɪt
foul	faʊl
humanity	hjuˈmænɪti
accent	əkˈsent
embarrassed	ɪmˈberəst
consent	kənˈsent
justify	ˈdʒʌstəfaɪ
formal	ˈfɔːrməl
burst	bɜːrst
survivor	sərˈvaɪvər
lamp	læmp
jazz	dʒæz
clay	kleɪ
bargain	ˈbɑːrgən
veteran	ˈvetərən
puppy	ˈpʌpi
teen	tiːn
democratic	deməˈkrætɪk
sacred	ˈseɪkrəd
wrestle	ˈresəl
testimony	ˈtestəmoʊni
distract	dɪˈstrækt
downstairs	ˈdaʊnsterz
employer	emˈplɔɪər
distinguish	dɪˈstɪŋgwɪʃ
interior	ɪnˈtɪriər
compound	ˈkɑːmpaʊnd
weakness	ˈwiːknəs
patience	ˈpeɪʃəns
transmission	trænˈsmɪʃən
execution	eksəˈkjuːʃən
constitution	kɑːnstəˈtuːʃən
triple	ˈtrɪpəl
uncomfortable	ənˈkʌmfərtəbəl
ultimately	ˈʌltəmətli
belly	ˈbeli
consumer	kənˈsuːmər
lick	lɪk
instant	ˈɪnstənt
survival	sərˈvaɪvəl
noon	nuːn
extension	ɪkˈstenʃən
heavily	ˈhevəli
highlight	ˈhaɪlaɪt
crop	krɑːp
tragedy	ˈtrædʒədi
offend	əˈfend
transportation	trænspərˈteɪʃən
badge	bædʒ
lightning	ˈlaɪtnɪŋ
beside	bɪˈsaɪd
electrical	ɪˈlektrɪkəl
cough	kɑːf
physics	ˈfɪzɪks
grandpa	ˈgrændpɑː
partnership	ˈpɑːrtnərʃɪp
dip	dɪp
steak	steɪk
grip	grɪp
donate	ˈdoʊneɪt
opponent	əˈpoʊnənt
burden	ˈbɜːrdən
poster	ˈpoʊstər
wagon	ˈwægən
ministry	ˈmɪnəstri
isolate	ˈaɪsəleɪt
liver	ˈlɪvər
anxiety	æŋˈzaɪəti
auction	ˈɑːkʃən
skate	skeɪt
talented	ˈtæləntɪd
loop	luːp
creek	kriːk
recommendation	rekəmənˈdeɪʃən
spike	spaɪk
spiritual	ˈspɪrɪtʃuːəl
retreat	riˈtriːt
violation	vaɪəˈleɪʃən
peanut	ˈpiːnət
motive	ˈmoʊtɪv
haunt	hɔːnt
stack	stæk
widow	ˈwɪdoʊ
lobby	ˈlɑːbi
introduction	ɪntrəˈdʌkʃən
wisdom	ˈwɪzdəm
arrow	ˈæroʊ
wealth	welθ
rod	rɑːd
madame	ˈmædəm
essay	eˈseɪ
employment	emˈplɔɪmənt
mortgage	ˈmɔːrgədʒ
residence	ˈrezɪdəns
thunder	ˈθʌndər
substance	ˈsʌbstəns
rig	rɪg
depressed	dɪˈprest
maker	ˈmeɪkər
passage	ˈpæsədʒ
laundry	ˈlɔːndri
welfare	ˈwelfer
ranch	ræntʃ
frankly	ˈfræŋkli
rider	ˈraɪdər
musician	mjuˈzɪʃən
echo	ˈekoʊ
nest	nest
boost	buːst
scholarship	ˈskɑːlərʃɪp
carbon	ˈkɑːrbən
mysterious	mɪˈstɪriəs
scar	skɑːr
violate	ˈvaɪəleɪt
lease	liːs
mature	məˈtʃʊr
cease	siːs
concrete	kənˈkriːt
purse	pɜːrs
elder	ˈeldər
import	ɪmˈpɔːrt
observation	ɑːbzərˈveɪʃən
peaceful	ˈpiːsfəl
tension	ˈtenʃən
basket	ˈbæskət
devote	dɪˈvoʊt
bark	bɑːrk
remark	rɪˈmɑːrk
dot	dɑːt
trend	trend
reception	rɪˈsepʃən
madam	ˈmædəm
resign	rɪˈzaɪn
statue	ˈstætʃuː
strongly	ˈstrɔːŋli
overwhelm	oʊvərˈwelm
blank	blæŋk
conspiracy	kənˈspɪrəsi
divine	dɪˈvaɪn
environmental	ɪnvaɪrənˈmentəl
gap	gæp
stir	stɜːr
serial	ˈsɪriːəl
dope	doʊp
mister	ˈmɪstər
weekly	ˈwiːkli
guardian	ˈgɑːrdiən
riot	ˈraɪət
sheep	ʃiːp
worthy	ˈwɜːrði
Thanksgiving	θæŋksˈgɪvɪŋ
goat	goʊt
urgent	ˈɜːrdʒənt
curve	kɜːrv
await	əˈweɪt
memorial	məˈmɔːriəl
inspiration	ɪnspərˈeɪʃən
revenue	ˈrevənuː
snack	snæk
beneath	bɪˈniːθ
choke	tʃoʊk
enable	eˈneɪbəl
deed	diːd
hail	heɪl
vast	væst
underwear	ˈʌndərwer
manual	ˈmænjuəl
presidential	prezəˈdenʃəl
physician	fəˈzɪʃən
selfish	ˈselfɪʃ
terminal	ˈtɜːrmənəl
democrat	ˈdeməkræt
terribly	ˈterəbli
interfere	ɪntərˈfɪr
tribe	traɪb
shrink	ʃrɪŋk
discount	dɪˈskaʊnt
obligation	ɑːbləˈgeɪʃən
protocol	ˈproʊtəkɑːl
enforcement	enˈfɔːrsmənt
stall	stɔːl
roast	roʊst
offensive	əˈfensɪv
component	kəmˈpoʊnənt
guilt	gɪlt
coincidence	koʊˈɪnsɪdəns
statistic	stəˈtɪstɪk
overcome	ˈoʊvərkʌm
loyalty	ˈlɔɪəlti
numerous	ˈnuːmərəs
specialist	ˈspeʃələst
chemistry	ˈkeməstri
buyer	ˈbaɪər
mud	mʌd
universal	juːnəˈvɜːrsəl
confession	kənˈfeʃən
shove	ʃʌv
preparation	prepərˈeɪʃən
activate	ˈæktəveɪt
ram	ræm
genuine	ˈdʒenjəwən
worm	wɜːrm
audition	ɑˈdɪʃən
chew	tʃuː
bum	bʌm
bitter	ˈbɪtər
filter	ˈfɪltər
terror	ˈterər
homeless	ˈhoʊmləs
retain	rɪˈteɪn
suspicious	səˈspɪʃəs
buzz	bʌz
flavor	ˈfleɪvər
curtain	ˈkɜːrtən
bolt	boʊlt
lodge	lɑːdʒ
laboratory	ˈlæbrətɔːri
hike	haɪk
amateur	ˈæmətɜːr
fame	feɪm
sailor	ˈseɪlər
trophy	ˈtroʊfi
excitement	ɪkˈsaɪtmənt
bunny	ˈbʌni
presentation	prezənˈteɪʃən
disappoint	dɪsəˈpɔɪnt
underneath	ʌndərˈniːθ
bucket	ˈbʌkət
consideration	kənsɪdərˈeɪʃən
champ	tʃæmp
elsewhere	ˈelswer
laser	ˈleɪzər
paradise	ˈperədaɪs
heck	hek
discharge	dɪsˈtʃɑːrdʒ
province	ˈprɑːvəns
context	ˈkɑːntekst
consist	kənˈsɪst
loyal	ˈlɔɪəl
beloved	bɪˈlʌvd
Halloween	hæləˈwiːn
consistent	kənˈsɪstənt
kidney	ˈkɪdni
precisely	prɪˈsaɪsli
consume	kənˈsuːm
puzzle	ˈpʌzəl
unhappy	ənˈhæpi
physically	ˈfɪzɪkəli
relatively	ˈrelətɪvli
subtitle	ˈsʌbtaɪtəl
formation	fɔrˈmeɪʃən
cheek	tʃiːk
liquor	ˈlɪkər
comparison	kəmˈperəsən
distribution	dɪstrəˈbjuːʃən
steer	stɪr
passport	ˈpæspɔːrt
competitive	kəmˈpetətɪv
scenario	sɪˈnerioʊ
cattle	ˈkætəl
Yankee	ˈjæŋki
shooter	ˈʃuːtər
safely	ˈseɪfli
enormous	ɪˈnɔːrməs
exposure	ɪkˈspoʊʒər
grocery	ˈgroʊsəri
stain	steɪn
instinct	ˈɪnstɪŋkt
blonde	blɑːnd
fiction	ˈfɪkʃən
resolution	rezəˈluːʃən
dame	deɪm
Arab	ˈærəb
frustrate	ˈfrʌstreɪt
marshal	ˈmɑːrʃəl
explosive	ɪkˈsploʊsɪv
beard	bɪrd
occasionally	əˈkeɪʒənəli
independence	ɪndɪˈpendəns
resume	rɪˈzuːm
audio	ˈɑːdioʊ
deadly	ˈdedli
technically	ˈteknɪkəli
achievement	əˈtʃiːvmənt
admiral	ˈædmərəl
humble	ˈhʌmbəl
info	ˈɪnfoʊ
throne	θroʊn
infect	ɪnˈfekt
satisfy	ˈsætəsfaɪ
runner	ˈrʌnər
outcome	ˈaʊtkʌm
balloon	bəˈluːn
galaxy	ˈgæləksi
chaos	ˈkeɪɑs
dose	doʊs
solar	ˈsoʊlər
misunderstand	mɪsəndərˈstænd
vary	ˈveri
parliament	ˈpɑːrləmənt
clerk	klɜːrk
lyric	ˈlɪrɪk
ritual	ˈrɪtʃuəl
mob	mɑːb
locker	ˈlɑːkər
tick	tɪk
classify	ˈklæsəfaɪ
boundary	ˈbaʊndəri
addict	əˈdɪkt
companion	kəmˈpænjən
pregnancy	ˈpregnənsi
gig	gɪg
cocktail	ˈkɑːkteɪl
sore	sɔːr
seventh	ˈsevənθ
circus	ˈsɜːrkəs
footage	ˈfʊtɪdʒ
pronounce	prəˈnaʊns
upgrade	əpˈgreɪd
colony	ˈkɑːləni
quietly	ˈkwaɪətli
anxious	ˈæŋkʃəs
moron	ˈmɔːrɑːn
pledge	pledʒ
obsess	əbˈses
transform	trænsˈfɔːrm
frog	frɑːg
venture	ˈventʃər
seize	siːz
laughter	ˈlæftər
versus	ˈvɜːrsəs
automatic	ɔːtəˈmætɪk
prospect	ˈprɑːspekt
junk	dʒʌŋk
aggressive	əˈgresɪv
brook	brʊk
sunshine	ˈsʌnʃaɪn
breach	briːtʃ
ham	hæm
ceiling	ˈsiːlɪŋ
impose	ɪmˈpoʊz
doom	duːm
regardless	rəˈgɑːrdləs
database	ˈdeɪtəbeɪs
unlock	ənˈlɑːk
portrait	ˈpɔːrtrət
abortion	əˈbɔːrʃən
differently	ˈdɪfrəntli
bacon	ˈbeɪkən
hatch	hætʃ
rib	rɪb
verse	vɜːrs
dispute	dɪsˈpjuːt
evolve	ɪˈvɑːlv
translation	trænzˈleɪʃən
rapid	ˈræpəd
establishment	ɪˈstæblɪʃmənt
drift	drɪft
helmet	ˈhelmət
secondary	ˈsekənderi
publication	pʌblɪˈkeɪʃən
cooperation	koʊɑːpərˈeɪʃən
meantime	ˈmiːntaɪm
outer	ˈaʊtər
rhythm	ˈrɪðəm
invasion	ɪnˈveɪʒən
bold	boʊld
yield	jiːld
notify	ˈnoʊtəfaɪ
guidance	ˈgaɪdəns
logic	ˈlɑːdʒɪk
massage	məˈsɑːʒ
racist	ˈreɪsɪst
authorize	ˈɔːθəraɪz
airplane	ˈerpleɪn
documentary	dɑːkjəˈmentəri
slim	slɪm
attraction	əˈtrækʃən
scandal	ˈskændəl
luxury	ˈlʌgʒəri
plead	pliːd
feather	ˈfeðər
educational	edʒəˈkeɪʃənəl
conviction	kənˈvɪkʃən
diary	ˈdaɪəri
amuse	əˈmjuːz
halt	hɔːlt
hurricane	ˈhɜːrəkeɪn
profession	prəˈfeʃən
sketch	sketʃ
unfortunate	ənˈfɔːrtʃənət
gum	gʌm
faint	feɪnt
overnight	ˈoʊvərnaɪt
flush	flʌʃ
absence	ˈæbsəns
dial	ˈdaɪəl
architect	ˈɑːrkətekt
destination	destəˈneɪʃən
wealthy	ˈwelθi
automatically	ɔːtəˈmætɪkli
wooden	ˈwʊdən
shelf	ʃelf
construct	kənˈstrʌkt
corrupt	kərˈʌpt
radiation	reɪdiˈeɪʃən
investor	ɪnˈvestər
acre	ˈeɪkər
boo	buː
registration	redʒɪˈstreɪʃən
anchor	ˈæŋkər
tackle	ˈtækəl
vow	vaʊ
dimension	dɪˈmenʃən
gender	ˈdʒendər
leap	liːp
ant	ænt
collar	ˈkɑːlər
headline	ˈhedlaɪn
stitch	stɪtʃ
strict	strɪkt
warehouse	ˈwerhaʊs
glow	gloʊ
allege	əˈledʒ
bare	ber
percentage	pərˈsentədʒ
barn	bɑːrn
condemn	kənˈdem
strictly	ˈstrɪktli
calculate	ˈkælkjəleɪt
magical	ˈmædʒɪkəl
alike	əˈlaɪk
alpha	ˈælfə
publisher	ˈpʌblɪʃər
mechanic	məˈkænɪk
commonwealth	ˈkɑːmənwelθ
halfway	ˈhæfweɪ
demonstration	demənˈstreɪʃən
pupil	ˈpjuːpəl
invisible	ɪnˈvɪzəbəl
amongst	əˈmʌŋst
savage	ˈsævədʒ
notion	ˈnoʊʃən
transaction	trænˈzækʃən
unexpected	ʌnɪkˈspektɪd
slot	slɑːt
recognition	rekəgˈnɪʃən
poker	ˈpoʊkər
tender	ˈtendər
disagree	dɪsəˈgriː
voter	ˈvoʊtər
amendment	əˈmendmənt
evolution	evəˈluːʃən
alley	ˈæli
criticize	ˈkrɪtɪsaɪz
accidentally	æksəˈdentəli
landscape	ˈlændskeɪp
lamb	læm
vault	vɔːlt
motorcycle	ˈmoʊtərsaɪkəl
lawn	lɔːn
drawer	drɔːr
cargo	ˈkɑːrgoʊ
treaty	ˈtriːti
wizard	ˈwɪzərd
tan	tæn
concentration	kɑːnsənˈtreɪʃən
confront	kənˈfrʌnt
cart	kɑːrt
myth	mɪθ
hers	hɜːrz
haul	hɔːl
tragic	ˈtrædʒɪk
surf	sɜːrf
oak	oʊk
copper	ˈkɑːpər
detailed	dɪˈteɪld
earthquake	ˈɜːrθkweɪk
olive	ˈɑːləv
gal	gæl
magnificent	mægˈnɪfəsənt
restrict	riˈstrɪkt
reckon	ˈrekən
canal	kəˈnæl
unfair	ənˈfer
skinny	ˈskɪni
criticism	ˈkrɪtɪsɪzəm
backwards	ˈbækwərdz
ditch	dɪtʃ
typically	ˈtɪpɪkli
graphic	ˈgræfɪk
hardware	ˈhɑːrdwer
receipt	rɪˈsiːt
disable	dɪˈseɪbəl
examination	ɪgzæməˈneɪʃən
mock	mɑːk
deaf	def
opposition	ɑːpəˈzɪʃən
stat	stæt
arise	ərˈaɪz
efficient	ɪˈfɪʃənt
assessment	əˈsesmənt
policeman	pəˈliːsmən
equally	ˈiːkwəli
vulnerable	ˈvʌlnərəbəl
dominate	ˈdɑːməneɪt
verify	ˈverəfaɪ
cooperate	koʊˈɑːpəreɪt
mechanism	ˈmekənɪzəm
chin	tʃɪn
silk	sɪlk
temper	ˈtempər
index	ˈɪndeks
poverty	ˈpɑːvərti
fracture	ˈfræktʃər
defensive	dɪˈfensɪv
frightened	ˈfraɪtənd
eternal	ɪˈtɜːrnəl
anticipate	ænˈtɪsəpeɪt
render	ˈrendər
persuade	pərˈsweɪd
foolish	ˈfuːlɪʃ
mutual	ˈmjuːtʃuəl
monk	mʌŋk
quest	kwest
cannon	ˈkænən
Scottish	ˈskɑːtɪʃ
extent	ɪkˈstent
goose	guːs
dash	dæʃ
adapt	əˈdæpt
enhance	enˈhæns
transition	trænˈzɪʃən
jar	dʒɑːr
sole	soʊl
pistol	ˈpɪstəl
distress	dɪˈstres
lawsuit	ˈlɔːsuːt
sunset	ˈsʌnset
faculty	ˈfækəlti
distant	ˈdɪstənt
founder	ˈfaʊndər
pine	paɪn
dessert	dɪˈzɜːrt
subway	ˈsʌbweɪ
manufacturer	mænjəˈfæktʃərər
jaw	dʒɔː
conscience	ˈkɑːnʃəns
contrary	ˈkɑːntreri
implement	ˈɪmpləmənt
legacy	ˈlegəsi
nap	næp
casual	ˈkæʒəwəl
negotiation	nɪgoʊʃiˈeɪʃən
petition	pəˈtɪʃən
roommate	ˈruːmeɪt
intellectual	ɪntəˈlektʃuəl
intent	ɪnˈtent
rack	ræk
distribute	dɪˈstrɪbjut
extensive	ɪkˈstensɪv
premier	preˈmɪr
exhibition	eksəˈbɪʃən
strap	stræp
pension	ˈpenʃən
psychological	saɪkəˈlɑːdʒɪkəl
baron	ˈbærən
tempt	tempt
happily	ˈhæpəli
worldwide	ˈwɜːrldwaɪd
plague	pleɪg
initiate	ɪˈnɪʃieɪt
tactic	ˈtæktɪk
butler	ˈbʌtlər
regularly	ˈregjələrli
grief	griːf
suspicion	səˈspɪʃən
mid	mɪd
legitimate	ləˈdʒɪtəmət
chuckle	ˈtʃʌkəl
businessman	ˈbɪznəsmæn
abroad	əˈbrɔːd
wicked	ˈwɪkəd
hollow	ˈhɑːloʊ
historic	hɪˈstɔːrɪk
sensor	ˈsensər
inquiry	ɪnˈkwaɪriː
creepy	ˈkriːpi
radical	ˈrædəkəl
rival	ˈraɪvəl
sew	soʊ
advocate	ˈædvəkət
grain	greɪn
neat	niːt
sucker	ˈsʌkər
refugee	ˈrefjudʒi
verdict	ˈvɜːrdɪkt
biological	baɪəˈlɑːdʒɪkəl
tide	taɪd
wax	wæks
immigrant	ˈɪməgrənt
ethic	ˈeθɪk
lifestyle	ˈlaɪfstaɪl
jewel	ˈdʒuːəl
substitute	ˈsʌbstətuːt
legally	ˈliːgəli
bin	bɪn
investigator	ɪnˈvestəgeɪtər
anonymous	əˈnɑːnəməs
homicide	ˈhɑːməsaɪd
identification	aɪdentəfəˈkeɪʃən
equip	ɪˈkwɪp
hut	hʌt
sleeve	sliːv
carve	kɑːrv
cemetery	ˈseməteri
cigar	sɪˈgɑːr
casualty	ˈkæʒəwəlti
stunt	stʌnt
ladder	ˈlædər
integrity	ɪnˈtegrəti
hence	hens
organic	ɔrˈgænɪk
gram	græm
therapist	ˈθerəpəst
dam	dæm
photography	fəˈtɑːgrəfi
stem	stem
corpse	kɔːrps
prom	prɑːm
embassy	ˈembəsi
cartoon	kɑrˈtuːn
crook	krʊk
coward	ˈkaʊərd
ridge	rɪdʒ
bachelor	ˈbætʃələr
stripe	straɪp
illusion	ɪˈluːʒən
reliable	rɪˈlaɪəbəl
phenomenon	fəˈnɑːmənɑːn
inspection	ɪnˈspekʃən
anti	ˈæntiː
dull	dʌl
convenient	kənˈviːnjənt
harmony	ˈhɑːrməni
adorable	əˈdɔːrəbəl
conquer	ˈkɑːŋkər
banner	ˈbænər
cricket	ˈkrɪkət
summon	ˈsʌmən
endure	endˈjʊr
alongside	əˈlɔːŋsaɪd
membership	ˈmembərʃɪp
successfully	səkˈsesfəli
scope	skoʊp
admission	ædˈmɪʃən
hostile	ˈhɑːstəl
donation	doʊˈneɪʃən
bra	brɑː
compose	kəmˈpoʊz
assemble	əˈsembəl
prep	prep
disguise	dɪsˈgaɪz
globe	gloʊb
sting	stɪŋ
debut	deɪˈbjuː
gesture	ˈdʒestʃər
supper	ˈsʌpər
pursuit	pərˈsuːt
syndrome	ˈsɪndroʊm
forge	fɔːrdʒ
grind	graɪnd
exploit	ˈeksplɔɪt
graduation	grædʒuˈeɪʃən
psychology	saɪˈkɑːlədʒi
transmit	trænzˈmɪt
deer	dɪr
gravity	ˈgrævəti
setup	ˈsetʌp
transcript	ˈtrænskrɪpt
dough	doʊ
reflection	rɪˈflekʃən
harsh	hɑːrʃ
nicely	ˈnaɪsli
compel	kəmˈpel
currency	ˈkɜːrənsi
mini	ˈmɪni
eighth	eɪtθ
initiative	ɪˈnɪʃətɪv
faithful	ˈfeɪθfəl
minority	maɪˈnɔːrəti
handy	ˈhændi
delta	ˈdeltə
retail	ˈriːteɪl
confusion	kənˈfjuːʒən
civilization	sɪvəlɪˈzeɪʃən
fur	fɜːr
pale	peɪl
invention	ɪnˈvenʃən
rebuild	riˈbɪld
rotten	ˈrɑːtən
leaf	liːf
tin	tɪn
cite	saɪt
valve	vælv
ink	ɪŋk
hilarious	hɪˈleriəs
sympathy	ˈsɪmpəθi
tease	tiːz
parallel	ˈperəlel
prescription	prəˈskrɪpʃən
barrier	ˈbæriər
dignity	ˈdɪgnəti
courtesy	ˈkɜːrtəsi
humiliate	hjuˈmɪlieɪt
tub	tʌb
dynamic	daɪˈnæmɪk
fist	fɪst
monthly	ˈmʌnθli
clinical	ˈklɪnəkəl
inn	ɪn
depart	dɪˈpɑːrt
rehearsal	rɪˈhɜːrsəl
vanish	ˈvænɪʃ
breakdown	ˈbreɪkdaʊn
overlook	ˈoʊvərlʊk
tribute	ˈtrɪbjut
patent	ˈpætənt
soak	soʊk
tobacco	təˈbækoʊ
glorious	ˈglɔːriəs
mechanical	məˈkænɪkəl
departure	dɪˈpɑːrtʃər
consciousness	ˈkɑːnʃəsnəs
dispatch	dɪˈspætʃ
filthy	ˈfɪlθi
nevertheless	nevərðəˈles
streak	striːk
prosecutor	ˈprɑːsɪkjuːtər
unlikely	ənˈlaɪkli
mug	mʌg
decrease	dɪˈkriːs
trainer	ˈtreɪnər
container	kənˈteɪnər
adore	əˈdɔːr
ratio	ˈreɪʃioʊ
archive	ˈɑːrkaɪv
freshman	ˈfreʃmən
grill	grɪl
contrast	ˈkɑːntræst
brace	breɪs
envelope	ˈenvəloʊp
wit	wɪt
gently	ˈdʒentli
sober	ˈsoʊbər
scholar	ˈskɑːlər
elementary	eləˈmentri
tuck	tʌk
equivalent	ɪˈkwɪvələnt
reverend	ˈrevərənd
mere	mɪr
prosecution	prɑːsəˈkjuːʃən
slaughter	ˈslɔːtər
scrap	skræp
invade	ɪnˈveɪd
peer	pɪr
spice	spaɪs
inherit	ɪnˈherət
bloom	bluːm
theft	θeft
fundamental	fʌndəˈmentəl
swamp	swɑːmp
obey	oʊˈbeɪ
involvement	ɪnˈvɑːlvmənt
rot	rɑːt
vein	veɪn
conscious	ˈkɑːnʃəs
goddess	ˈgɑːdəs
peel	piːl
insect	ˈɪnsekt
cord	kɔːrd
sufficient	səˈfɪʃənt
lance	læns
Swiss	swɪs
painter	ˈpeɪntər
nickname	ˈnɪkneɪm
fare	fer
deadline	ˈdedlaɪn
Egyptian	ɪˈdʒɪpʃən
kindly	ˈkaɪndli
fond	fɑːnd
disk	dɪsk
butterfly	ˈbʌtərflaɪ
harvest	ˈhɑːrvəst
mortal	ˈmɔːrtəl
charter	ˈtʃɑːrtər
blend	blend
motivate	ˈmoʊtəveɪt
naval	ˈneɪvəl
viewer	ˈvjuːər
tab	tæb
smack	smæk
comrade	ˈkɑːmræd
orbit	ˈɔːrbət
characteristic	kerəktərˈɪstɪk
grid	grɪd
assumption	əˈsʌmpʃən
acceptable	ækˈseptəbəl
corruption	kərˈʌpʃən
logical	ˈlɑːdʒɪkəl
satisfaction	sætəsˈfækʃən
publicity	pəˈblɪsəti
tense	tens
starter	ˈstɑːrtər
endless	ˈendləs
semi	ˈsemi
flatter	ˈflætər
arena	ərˈiːnə
bomber	ˈbɑːmər
teaching	ˈtiːtʃɪŋ
lame	leɪm
erase	ɪˈreɪs
elite	ɪˈliːt
correctly	kərˈektli
fetch	fetʃ
poke	poʊk
particle	ˈpɑːrtəkəl
tolerate	ˈtɑːləreɪt
whereas	weˈræz
decorate	ˈdekəreɪt
contractor	ˈkɑːntræktər
evaluation	ɪvæljuˈeɪʃən
Easter	ˈiːstər
bruise	bruːz
petty	ˈpetiː
oath	oʊθ
architecture	ˈɑːrkətektʃər
bait	beɪt
extract	ˈekstrækt
classroom	ˈklæsruːm
intervention	ɪntərˈvenʃən
mistress	ˈmɪstrəs
knot	nɑːt
external	ɪkˈstɜːrnəl
export	ˈekspɔrt
whiskey	ˈwɪski
unconscious	ʌnˈkɑːnʃəs
ego	ˈiːgoʊ
traitor	ˈtreɪtər
scatter	ˈskætər
stalk	stɔːk
tremendous	trəˈmendəs
stiff	stɪf
greatly	ˈgreɪtli
motel	moʊˈtel
generator	ˈdʒenəreɪtər
ballet	bæˈleɪ
pause	pɔːz
marker	ˈmɑːrkər
incorporate	ɪnˈkɔːrpəreɪt
ingredient	ɪnˈgriːdiənt
essentially	eˈsenʃəli
merit	ˈmerət
delicate	ˈdeləkət
probe	proʊb
teenage	ˈtiːneɪdʒ
straw	strɔː
devastate	ˈdevəsteɪt
refresh	rɪˈfreʃ
dialogue	ˈdaɪəlɔːg
gulf	gʌlf
counselor	ˈkaʊnsələr
vacuum	ˈvækjum
unnecessary	ənˈnesəseri
apparent	əˈperənt
modify	ˈmɑːdəfaɪ
overseas	ˈoʊvərsiːz
athletic	æθˈletɪk
pumpkin	ˈpʌmpkɪn
supporter	səˈpɔːrtər
reign	reɪn
insight	ˈɪnsaɪt
flirt	flɜːrt
deploy	dɪˈplɔɪ
brutal	ˈbruːtəl
upside	ˈʌpsaɪd
vet	vet
input	ˈɪnpʊt
outdoor	ˈaʊtdɔːr
greeting	ˈgriːtɪŋ
crucial	ˈkruːʃəl
chapel	ˈtʃæpəl
jurisdiction	dʒʊrəsˈdɪkʃən
identical	aɪˈdentɪkəl
psychiatrist	səˈkaɪətrəst
absorb	əbˈzɔːrb
insert	ɪnˈsɜːrt
mentally	ˈmentəli
capability	keɪpəˈbɪləti
prop	prɑːp
monsieur	məsˈjɜːr
exceed	ɪkˈsiːd
neglect	nəˈglekt
nowadays	ˈnaʊədeɪz
ancestor	ˈænsestər
govern	ˈgʌvərn
contemporary	kənˈtempəreri
butcher	ˈbʊtʃər
intimate	ˈɪntəmət
roar	rɔːr
groom	gruːm
potentially	pəˈtenʃəli
presume	prɪˈzuːm
pub	pʌb
perfume	pərˈfjuːm
messenger	ˈmesəndʒər
pony	ˈpoʊniː
affection	əˈfekʃən
ambition	æmˈbɪʃən
villa	ˈvɪlə
consultant	kənˈsʌltənt
fatal	ˈfeɪtəl
waiter	ˈweɪtər
fabric	ˈfæbrɪk
vest	vest
kindness	ˈkaɪndnəs
largely	ˈlɑːrdʒli
canyon	ˈkænjən
scrub	skrʌb
antique	ænˈtiːk
forum	ˈfɔːrəm
commerce	ˈkɑːmərs
vocal	ˈvoʊkəl
utility	juˈtɪləti
surgical	ˈsɜːrdʒɪkəl
suspension	səˈspenʃən
toxic	ˈtɑːksɪk
frighten	ˈfraɪtən
whatsoever	wʌtsoʊˈevər
plea	pliː
artificial	ɑːrtəˈfɪʃəl
gasp	gæsp
fingerprint	ˈfɪŋgərprɪnt
vitamin	ˈvaɪtəmən
reunion	riˈuːnjən
marble	ˈmɑːrbəl
immigration	ɪməˈgreɪʃən
necklace	ˈnekləs
picnic	ˈpɪknɪk
roller	ˈroʊlər
defender	dɪˈfendər
chant	tʃænt
rapidly	ˈræpədli
berry	ˈberi
infant	ˈɪnfənt
semester	səˈmestər
mansion	ˈmænʃən
psychic	ˈsaɪkɪk
scam	skæm
pinch	pɪntʃ
follower	ˈfɑːloʊər
amber	ˈæmbər
revolutionary	revəˈluːʃəneri
marijuana	merəˈwɑːnə
prophet	ˈprɑːfət
occupation	ɑːkjəˈpeɪʃən
diagnosis	daɪəgˈnoʊsəs
perception	pərˈsepʃən
shaft	ʃæft
fiber	ˈfaɪbər
renew	rɪˈnuː
curiosity	kjʊriˈɑːsəti
trim	trɪm
margin	ˈmɑːrdʒən
considerable	kənˈsɪdərəbəl
specialize	ˈspeʃəlaɪz
absurd	əbˈsɜːrd
biology	baɪˈɑːlədʒi
collector	kəˈlektər
commence	kəˈmens
analyst	ˈænəlɪst
classical	ˈklæsɪkəl
app	æp
rental	ˈrentəl
proportion	prəˈpɔːrʃən
effectively	ɪˈfektɪvli
manipulate	məˈnɪpjəleɪt
pond	pɑːnd
valid	ˈvælɪd
tumor	ˈtuːmər
railway	ˈreɪlweɪ
misery	ˈmɪzəri
composition	kɑːmpəˈzɪʃən
franchise	ˈfræntʃaɪz
horizon	hərˈaɪzən
pancake	ˈpænkeɪk
advisor	ædˈvaɪzər
representation	reprəzenˈteɪʃən
spite	spaɪt
interpret	ɪnˈtɜːrprət
oral	ˈɔːrəl
subtle	ˈsʌtəl
crab	kræb
blog	blɔːg
dolphin	ˈdɑːlfən
expansion	ɪkˈspænʃən
nun	nʌn
visa	ˈviːzə
vomit	ˈvɑːmət
claw	klɔː
lounge	laʊndʒ
banker	ˈbæŋkər
substantial	səbˈstænʃəl
newly	ˈnuːli
terminate	ˈtɜːrməneɪt
outline	ˈaʊtlaɪn
preliminary	prɪˈlɪməneri
protective	prəˈtektɪv
descend	dɪˈsend
dental	ˈdentəl
provision	prəˈvɪʒən
shotgun	ˈʃɑːtgʌn
feast	fiːst
honeymoon	ˈhʌnimuːn
neutral	ˈnuːtrəl
automobile	ˈɔːtəmoʊbiːl
instantly	ˈɪnstəntli
envy	ˈenvi
frost	frɔːst
blink	blɪŋk
exclude	ɪksˈkluːd
supervisor	ˈsuːpərvaɪzər
efficiency	ɪˈfɪʃənsi
chronic	ˈkrɑːnɪk
fortunately	ˈfɔːrtʃənətli
submarine	ˈsʌbməriːn
continent	ˈkɑːntənənt
donor	ˈdoʊnər
creator	kriˈeɪtər
ape	eɪp
experimental	ɪksperɪˈmentəl
glue	gluː
strategic	strəˈtiːdʒɪk
orphan	ˈɔːrfən
merchant	ˈmɜːrtʃənt
domain	doʊˈmeɪn
segment	ˈsegmənt
heroin	ˈheroʊən
virtue	ˈvɜːrtʃu
herb	ɜːrb
handful	ˈhændfʊl
tricky	ˈtrɪki
Turkish	ˈtɜːrkɪʃ
stumble	ˈstʌmbəl
zip	zɪp
fountain	ˈfaʊntən
virtually	ˈvɜːrtʃuəli
federation	fedərˈeɪʃən
cinema	ˈsɪnəmə
instructor	ɪnˈstrʌktər
minus	ˈmaɪnəs
inventory	ɪnvənˈtɔːri
playoff	ˈpleɪɔːf
appetite	ˈæpətaɪt
facial	ˈfeɪʃəl
coffin	ˈkɔːfɪn
summit	ˈsʌmət
roughly	ˈrʌfli
hunger	ˈhʌŋgər
flu	fluː
nude	nuːd
rug	rʌg
cocaine	koʊˈkeɪn
shepherd	ˈʃepərd
drone	droʊn
shallow	ˈʃæloʊ
cloth	klɔːθ
touchdown	ˈtʌtʃdaʊn
greet	griːt
assess	əˈses
madness	ˈmædnəs
cope	koʊp
designate	ˈdezəgneɪt
arch	ɑːrtʃ
vent	vent
vibe	vaɪb
ninth	naɪnθ
tenant	ˈtenənt
alternate	ˈɔːltərnət
bald	bɔːld
scramble	ˈskræmbəl
bizarre	bəˈzɑːr
instruct	ɪnˈstrʌkt
evacuate	ɪˈvækjəeɪt
cue	kjuː
initially	ɪˈnɪʃəli
realm	relm
tow	toʊ
limb	lɪm
equation	ɪˈkweɪʒən
dice	daɪs
holder	ˈhoʊldər
emotionally	ɪˈmoʊʃnəli
attribute	ˈætrəbjuːt
adoption	əˈdɑːpʃən
par	pɑːr
thigh	θaɪ
mineral	ˈmɪnərəl
fortunate	ˈfɔːrtʃənət
owl	aʊl
sophisticated	səˈfɪstəkeɪtɪd
altogether	ɔːltəˈgeðər
swap	swɑːp
farewell	ferˈwel
expedition	ekspəˈdɪʃən
format	ˈfɔːrmæt
crow	kroʊ
nominate	ˈnɑːmənət
mint	mɪnt
carriage	ˈkærɪdʒ
perceive	pərˈsiːv
applause	əˈplɔːz
nickel	ˈnɪkəl
bundle	ˈbʌndəl
partial	ˈpɑːrʃəl
terrorism	ˈterərɪzəm
frequent	ˈfriːkwənt
researcher	ˈriːsərtʃər
gossip	ˈgɑːsəp
weep	wiːp
clearance	ˈklɪrəns
economics	ekəˈnɑːmɪks
artistic	ɑrˈtɪstɪk
dime	daɪm
partly	ˈpɑːrtli
primarily	praɪˈmerəli
differ	ˈdɪfər
marathon	ˈmerəθɑːn
dinosaur	ˈdaɪnəsɔːr
passionate	ˈpæʃənət
indication	ɪndəˈkeɪʃən
parole	pərˈoʊl
dye	daɪ
competitor	kəmˈpetətər
drip	drɪp
eager	ˈiːgər
herd	hɜːrd
slope	sloʊp
workshop	ˈwɜːrkʃɑːp
cottage	ˈkɑːtədʒ
keeper	ˈkiːpər
awareness	əˈwernəs
porch	pɔːrtʃ
grasp	græsp
swan	swɑːn
sadly	ˈsædli
specimen	ˈspesəmən
yoga	ˈjoʊgə
treasury	ˈtreʒəri
legendary	ˈledʒənderi
ferry	ˈferi
separation	sepərˈeɪʃən
awhile	əˈwaɪl
strengthen	ˈstreŋθən
risky	ˈrɪski
lottery	ˈlɑːtəri
shipment	ˈʃɪpmənt
yacht	jɑːt
prey	preɪ
pickup	ˈpɪkʌp
scent	sent
corporal	ˈkɔːrpərəl
disappointment	dɪsəˈpɔɪntmənt
hum	hʌm
injection	ɪnˈdʒekʃən
elaborate	ɪˈlæbrət
breeze	briːz
villain	ˈvɪlən
induce	ɪnˈduːs
evaluate	ɪˈvæljueɪt
cult	kʌlt
lens	lenz
confirmation	kɑːnfərˈmeɪʃən
spear	spɪr
psycho	ˈsaɪkoʊ
goodnight	ˈgʊdnaɪt
seller	ˈselər
suitcase	ˈsuːtkeɪs
hay	heɪ
precise	prɪˈsaɪs
certify	ˈsɜːrtəfaɪ
eligible	ˈelədʒəbəl
paperwork	ˈpeɪpərwɜːrk
honesty	ˈɑːnəsti
toll	toʊl
den	den
mild	maɪld
ignorant	ˈɪgnərənt
daylight	ˈdeɪlaɪt
preach	priːtʃ
alcoholic	ælkəˈhɑːlɪk
pickle	ˈpɪkəl
coma	ˈkoʊmə
strand	strænd
bribe	braɪb
integrate	ˈɪntəgreɪt
narrator	ˈnereɪtər
Irish	ˈaɪrɪʃ
bracelet	ˈbreɪslət
motivation	moʊtəˈveɪʃən
retrieve	rɪˈtriːv
theirs	ðerz
rag	ræg
awaken	əˈweɪkən
sentiment	ˈsentəmənt
appreciation	əpriːʃiˈeɪʃən
slavery	ˈsleɪvəri
tray	treɪ
ribbon	ˈrɪbən
shatter	ˈʃætər
underestimate	ˈʌndərestəmeɪt
unto	ˈʌntu
premium	ˈpriːmiəm
keen	kiːn
corridor	ˈkɔːrədər
armor	ˈɑːrmər
inmate	ˈɪnmeɪt
gunshot	ˈgʌnʃɑːt
undercover	ʌndərˈkʌvər
premiere	preˈmɪr
inevitable	ɪˈnevətəbəl
realistic	riːəˈlɪstɪk
racial	ˈreɪʃəl
cripple	ˈkrɪpəl
nod	nɑːd
broker	ˈbroʊkər
noodle	ˈnuːdəl
naughty	ˈnɔːti
observer	əbˈzɜːrvər
pier	pɪr
proposition	prɑːpəˈzɪʃən
martial	ˈmɑːrʃəl
expire	ɪkˈspaɪr
saddle	ˈsædəl
regime	rəˈʒiːm
importantly	ɪmˈpɔːrtəntli
salmon	ˈsæmən
thirsty	ˈθɜːrsti
rookie	ˈrʊki
addiction	əˈdɪkʃən
gag	gæg
pioneer	paɪəˈnɪr
intrigue	ɪnˈtriːg
triumph	ˈtraɪəmf
dummy	ˈdʌmi
rhyme	raɪm
hallway	ˈhɔːlweɪ
tomb	tuːm
portal	ˈpɔːrtəl
widely	ˈwaɪdli
intel	ɪnˈtel
Swedish	ˈswiːdɪʃ
landlord	ˈlændlɔːrd
vodka	ˈvɑːdkə
reminder	riˈmaɪndər
disgrace	dɪsˈgreɪs
bluff	blʌf
liability	laɪəˈbɪlɪti
cardinal	ˈkɑːrdənəl
pea	piː
curl	kɜːrl
melody	ˈmelədi
dislike	dɪˈslaɪk
heir	er
bias	ˈbaɪəs
gaming	ˈgeɪmɪŋ
deliberately	dɪˈlɪbərətli
splash	splæʃ
undergo	ʌndərˈgoʊ
correction	kərˈekʃən
diplomatic	dɪpləˈmætɪk
spectacular	spekˈtækjələr
straighten	ˈstreɪtən
indoor	ˈɪndɔːr
quantum	ˈkwɑːntəm
adjustment	əˈdʒʌstmənt
salesman	ˈseɪlzmən
cuff	kʌf
mankind	ˈmænkaɪnd
heritage	ˈherətədʒ
oblige	əˈblaɪdʒ
ownership	ˈoʊnərʃɪp
magnetic	mægˈnetɪk
operational	ɑːpərˈeɪʃənəl
distinct	dɪˈstɪŋkt
giggle	ˈgɪgəl
splendid	ˈsplendɪd
bingo	ˈbɪŋgoʊ
intercept	ɪntərˈsept
inappropriate	ɪnəˈproʊpriɪt
accusation	ækjəˈzeɪʃən
sensible	ˈsensəbəl
gospel	ˈgɑːspəl
disability	dɪsəˈbɪlɪti
robe	roʊb
chess	tʃes
beep	biːp
spur	spɜːr
slay	sleɪ
puppet	ˈpʌpət
sob	sɑːb
cracker	ˈkrækər
hazard	ˈhæzərd
inning	ˈɪnɪŋ
essence	ˈesəns
obstacle	ˈɑːbstəkəl
purely	ˈpjʊrli
interpretation	ɪntɜːrprɪˈteɪʃən
feedback	ˈfiːdbæk
gratitude	ˈgrætətuːd
excess	ˈekses
jeep	dʒiːp
foreigner	ˈfɔːrənər
receiver	rəˈsiːvər
complication	kɑːmpləˈkeɪʃən
pastor	ˈpæstər
resemble	rɪˈzembəl
grandson	ˈgrændsʌn
hose	hoʊz
shrimp	ʃrɪmp
interaction	ɪntərˈækʃən
modest	ˈmɑːdəst
hustle	ˈhʌsəl
outlet	ˈaʊtlet
epic	ˈepɪk
reduction	rəˈdʌkʃən
rural	ˈrʊrəl
orchestra	ˈɔːrkəstrə
enforce	enˈfɔːrs
hormone	ˈhɔːrmoʊn
measurement	ˈmeʒərmənt
accountant	əˈkaʊntənt
preference	ˈprefərəns
spine	spaɪn
detention	dɪˈtenʃən
swift	swɪft
hatred	ˈheɪtrəd
comedian	kəˈmiːdiən
congressman	ˈkɑːŋgrəsmən
patriot	ˈpeɪtriət
moan	moʊn
ounce	aʊns
troll	troʊl
nomination	nɑːməˈneɪʃən
snatch	snætʃ
derive	dərˈaɪv
cane	keɪn
latter	ˈlætər
diagnose	daɪəgˈnoʊs
conceal	kənˈsiːl
immune	ɪˈmjuːn
administer	ədˈmɪnəstər
warden	ˈwɔːrdən
postpone	poʊstˈpoʊn
disc	dɪsk
glance	glæns
stubborn	ˈstʌbərn
tablet	ˈtæblət
undertake	ˈʌndərteɪk
peasant	ˈpezənt
miner	ˈmaɪnər
prompt	prɑːmpt
conceive	kənˈsiːv
gown	gaʊn
intact	ɪnˈtækt
harassment	hərˈæsmənt
caution	ˈkɑːʃən
wig	wɪg
hesitate	ˈhezəteɪt
siren	ˈsaɪrən
scoop	skuːp
voyage	ˈvɔɪədʒ
prominent	ˈprɑːmənənt
variation	veriˈeɪʃən
lace	leɪs
firearm	ˈfaɪərɑːrm
canvas	ˈkænvəs
announcer	əˈnaʊnsər
elderly	ˈeldərli
endanger	enˈdeɪndʒər
virtual	ˈvɜːrtʃuəl
autograph	ˈɔːtəgræf
skeleton	ˈskelətən
worthless	ˈwɜːrθləs
fragment	ˈfrægmənt
chancellor	ˈtʃænsələr
clan	klæn
tutor	ˈtuːtər
beta	ˈbeɪtə
clap	klæp
compensation	kɑːmpənˈseɪʃən
gallon	ˈgælən
mourn	mɔːrn
shiny	ˈʃaɪni
slack	slæk
denial	dɪˈnaɪəl
illustrate	ˈɪləstreɪt
comb	koʊm
scrape	skreɪp
assassin	əˈsæsən
restriction	riˈstrɪkʃən
undo	ənˈduː
thoroughly	ˈθɜːroʊli
conventional	kənˈvenʃənəl
transit	ˈtrænzɪt
pigeon	ˈpɪdʒən
accessory	ækˈsesəri
salute	səˈluːt
fuse	fjuːz
inject	ɪnˈdʒekt
stimulate	ˈstɪmjəleɪt
wheat	wiːt
rational	ˈræʃənəl
convenience	kənˈviːnjəns
beautifully	ˈbjuːtəfli
forgiveness	fərˈgɪvnəs
permanently	ˈpɜːrmənəntli
entity	ˈentəti
massacre	ˈmæsəkər
backyard	ˈbækjɑːrd
gin	dʒɪn
sorrow	ˈsɑːroʊ
literary	ˈlɪtəreri
torch	tɔːrtʃ
haircut	ˈherkʌt
congratulate	kənˈgrætʃəleɪt
oops	uːps
stray	streɪ
furious	ˈfjʊriəs
deceased	dɪˈsiːst
developer	dɪˈveləpər
utter	ˈʌtər
briefly	ˈbriːfli
quantity	ˈkwɑːntəti
static	ˈstætɪk
sip	sɪp
decoration	dekərˈeɪʃən
raven	ˈreɪvən
diner	ˈdaɪnər
northwest	nɔːrθˈwest
grove	groʊv
cement	səˈment
depress	dɪˈpres
peek	piːk
tendency	ˈtendənsi
regiment	ˈredʒəmənt
span	spæn
paranoid	ˈperənɔɪd
specialty	ˈspeʃəlti
messy	ˈmesi
millionaire	mɪljəˈner
vicious	ˈvɪʃəs
waitress	ˈweɪtrəs
lousy	ˈlaʊzi
prosecute	ˈprɑːsəkjuːt
bash	bæʃ
awfully	ˈɑːfli
desperately	ˈdespərətli
runway	ˈrʌnweɪ
declaration	deklərˈeɪʃən
carnival	ˈkɑːrnəvəl
axe	æks
clone	kloʊn
administrative	ədˈmɪnəstreɪtɪv
unemployment	ʌnɪmˈplɔɪmənt
elegant	ˈeləgənt
sensation	senˈseɪʃən
acquisition	ækwəˈzɪʃən
liable	ˈlaɪəbəl
prescribe	prəˈskraɪb
compassion	kəmˈpæʃən
offender	əˈfendər
mat	mæt
removal	rɪˈmuːvəl
significance	səgˈnɪfɪkəns
memo	ˈmemoʊ
tweet	twiːt
elevate	ˈeləveɪt
popularity	pɑːpjəˈlerəti
hull	hʌl
delegate	ˈdeləgeɪt
console	ˈkɑːnsoʊl
whack	wæk
diaper	ˈdaɪpər
provider	prəˈvaɪdər
someplace	ˈsʌmpleɪs
balcony	ˈbælkəni
reactor	riˈæktər
squirrel	ˈskwɜːrəl
dependent	dɪˈpendənt
ginger	ˈdʒɪndʒər
forensic	fərˈensɪk
logo	ˈloʊgoʊ
collective	kəˈlektɪv
merchandise	ˈmɜːrtʃəndaɪz
merger	ˈmɜːrdʒər
transplant	trænˈsplænt
helpless	ˈhelpləs
constitutional	kɑːnstəˈtuːʃənəl
chorus	ˈkɔːrəs
norm	nɔːrm
geek	giːk
implant	ɪmˈplænt
quarterback	ˈkwɔːrtərbæk
overtime	ˈoʊvərtaɪm
intern	ˈɪntərn
infinite	ˈɪnfənət
delightful	dɪˈlaɪtfəl
flaw	flɔː
allowance	əˈlaʊəns
warp	wɔːrp
grenade	grəˈneɪd
aisle	aɪl
provoke	prəˈvoʊk
confidential	kɑːnfəˈdenʃəl
premises	ˈpreməsəz
blaze	bleɪz
occasional	əˈkeɪʒənəl
disposal	dɪˈspoʊzəl
luckily	ˈlʌkəli
lure	lʊr
furthermore	ˈfɜːrðərmɔːr
summary	ˈsʌməri
underlie	ʌndərˈlaɪ
matrix	ˈmeɪtrɪks
defect	ˈdiːfekt
sickness	ˈsɪknəs
impulse	ˈɪmpəls
stern	stɜːrn
harmless	ˈhɑːrmləs
temporarily	tempərˈerəli
demo	ˈdemoʊ
obsession	əbˈseʃən
perfection	pərˈfekʃən
weave	wiːv
performer	pərˈfɔːrmər
mash	mæʃ
distinction	dɪˈstɪŋkʃən
functional	ˈfʌŋkʃənəl
chap	tʃæp
deceive	dɪˈsiːv
spectrum	ˈspektrəm
participant	pɑrˈtɪsəpənt
underwater	ˈʌndərwɔːtər
incoming	ˈɪnkʌmɪŋ
wheelchair	ˈwiːltʃer
seizure	ˈsiːʒər
supportive	səˈpɔːrtɪv
journalism	ˈdʒɜːrnəlɪzəm
secretly	ˈsiːkrɪtli
barbecue	ˈbɑːrbɪkjuː
brew	bruː
traveler	ˈtrævələr
progressive	prəˈgresɪv
coupon	ˈkuːpɔːn
uncover	ənˈkʌvər
puff	pʌf
shuttle	ˈʃʌtəl
flank	flæŋk
output	ˈaʊtpʊt
thoughtful	ˈθɔːtfəl
Cuban	ˈkjuːbən
bronze	brɑːnz
closure	ˈkloʊʒər
forecast	ˈfɔːrkæst
utterly	ˈʌtərli
mole	moʊl
ongoing	ˈɑːngoʊɪŋ
prejudice	ˈpredʒədɪs
diabetes	daɪəˈbiːtiz
dissolve	dɪˈzɑːlv
flare	fler
sour	ˈsaʊər
venue	ˈvenju
tactical	ˈtæktɪkəl
token	ˈtoʊkən
layout	ˈleɪaʊt
legislation	ledʒəˈsleɪʃən
artery	ˈɑːrtəri
tropical	ˈtrɑːpɪkəl
exotic	ɪgˈzɑːtɪk
bacteria	bækˈtɪriə
lipstick	ˈlɪpstɪk
freely	ˈfriːli
lobster	ˈlɑːbstər
authentic	əˈθentɪk
elf	elf
booze	buːz
discrimination	dɪskrɪməˈneɪʃən
tailor	ˈteɪlər
enlist	enˈlɪst
fitness	ˈfɪtnəs
eternity	ɪˈtɜːrnəti
battalion	bəˈtæljən
grease	griːs
artillery	ɑrˈtɪləri
outrage	ˈaʊtreɪdʒ
flyer	ˈflaɪər
revelation	revəˈleɪʃən
meaningful	ˈmiːnɪŋfəl
increasingly	ɪnˈkriːsɪŋli
upload	ˈʌploʊd
void	vɔɪd
prophecy	ˈprɑːfəsi
plaza	ˈplɑːzə
intimidate	ɪnˈtɪmɪdeɪt
hub	hʌb
correspond	kɔːrəˈspɑːnd
distraction	dɪˈstrækʃən
enthusiasm	ɪnˈθuːziæzəm
atom	ˈætəm
cater	ˈkeɪtər
unity	ˈjuːnəti
relay	ˈriːleɪ
irrelevant	ɪˈreləvənt
juvenile	ˈdʒuːvənəl
acceptance	ækˈseptəns
penguin	ˈpeŋgwən
cube	kjuːb
suburb	ˈsʌbərb
sniff	snɪf
hybrid	ˈhaɪbrəd
triangle	ˈtraɪæŋgəl
parish	ˈpærɪʃ
revise	rɪˈvaɪz
exhaust	ɪgˈzɔːst
tile	taɪl
confine	kənˈfaɪn
propaganda	prɑːpəˈgændə
rotate	ˈroʊteɪt
comply	kəmˈplaɪ
withdrawal	wɪðˈdrɔːəl
arsenal	ˈɑːrsənəl
nanny	ˈnæni
allergic	əˈlɜːrdʒɪk
sculpture	ˈskʌlptʃər
supermarket	ˈsuːpərmɑːrkɪt
clutch	klʌtʃ
dwell	dwel
dictionary	ˈdɪkʃəneri
deem	diːm
penetrate	ˈpenətreɪt
predator	ˈpredətər
southeast	saʊˈθiːst
stove	stoʊv
popcorn	ˈpɑːpkɔːrn
participation	pɑrtɪsəˈpeɪʃən
brag	bræg
dwarf	dwɔːrf
spa	spɑː
vintage	ˈvɪntɪdʒ
choir	ˈkwaɪər
ammunition	æmjəˈnɪʃən
disclose	dɪsˈkloʊz
jelly	ˈdʒeli
fisherman	ˈfɪʃərmæn
cereal	ˈsɪriəl
asylum	əˈsaɪləm
batter	ˈbætər
clamp	klæmp
atomic	əˈtɑːmɪk
blackmail	ˈblækmeɪl
consumption	kənˈsʌmpʃən
cub	kʌb
sibling	ˈsɪblɪŋ
weaken	ˈwiːkən
paragraph	ˈpærəgræf
constitute	ˈkɑːnstətuːt
shred	ʃred
accelerate	ækˈseləreɪt
sheer	ʃɪr
cellar	ˈselər
thesis	ˈθiːsəs
sanction	ˈsæŋkʃən
sincere	sɪnˈsɪr
blossom	ˈblɑːsəm
biscuit	ˈbɪskət
expertise	ekspərˈtiːz
willow	ˈwɪloʊ
prohibit	proʊˈhɪbət
boxer	ˈbɑːksər
rattle	ˈrætəl
preacher	ˈpriːtʃər
mold	moʊld
harass	hərˈæs
sniper	ˈsnaɪpər
honorable	ˈɑːnərəbəl
formerly	ˈfɔːrmərli
anyhow	ˈenihaʊ
sticker	ˈstɪkər
supposedly	səˈpoʊzədli
positively	ˈpɑːzətɪvli
ransom	ˈrænsəm
earring	ˈɪrɪŋ
wildlife	ˈwaɪldlaɪf
Brazilian	brəˈzɪljən
feminist	ˈfemənɪst
blunt	blʌnt
fierce	fɪrs
variable	ˈveriəbəl
operative	ˈɑːpərətɪv
interact	ɪntərˈækt
hog	hɑːg
tasty	ˈteɪsti
gasoline	ˈgæsəliːn
homeland	ˈhoʊmlænd
kitten	ˈkɪtən
timer	ˈtaɪmər
installation	ɪnstəˈleɪʃən
plasma	ˈplæzmə
interference	ɪntərˈfɪrəns
determination	dɪtɜːrməˈneɪʃən
robber	ˈrɑːbər
knit	nɪt
restrain	riˈstreɪn
coconut	ˈkoʊkənʌt
expel	ɪkˈspel
molecule	ˈmɑːləkjuːl
exaggerate	ɪgˈzædʒəreɪt
panther	ˈpænθər
accommodate	əˈkɑːmədeɪt
almighty	ɔlˈmaɪti
assassination	əsæsəˈneɪʃən
mixture	ˈmɪkstʃər
refund	rɪˈfʌnd
mattress	ˈmætrəs
mathematics	mæθəˈmætɪks
thug	θʌg
qualification	kwɑːləfəˈkeɪʃən
icon	ˈaɪkɑn
hopeless	ˈhoʊpləs
gem	dʒem
whine	waɪn
scroll	skroʊl
activist	ˈæktəvəst
irritate	ˈɪrɪteɪt
thankful	ˈθæŋkfəl
ruler	ˈruːlər
bulb	bʌlb
resignation	rezəgˈneɪʃən
infrastructure	ɪnfrəˈstrʌktʃər
pyramid	ˈpɪrəmɪd
wireless	ˈwaɪrlɪs
regain	rɪˈgeɪn
razor	ˈreɪzər
seminar	ˈsemənɑːr
remedy	ˈremədi
maiden	ˈmeɪdən
flick	flɪk
unite	ˈjuːnaɪt
transformation	trænsfərˈmeɪʃən
android	ˈændrɔɪd
southwest	saʊθˈwest
comeback	ˈkʌmbæk
marvelous	ˈmɑːrvələs
batch	bætʃ
manifest	ˈmænəfest
bounty	ˈbaʊnti
bead	biːd
urine	ˈjɜːrən
burial	ˈberiəl
repay	riˈpeɪ
slick	slɪk
perimeter	pərˈɪmətər
chunk	tʃʌŋk
implication	ɪmpləˈkeɪʃən
salvation	sælˈveɪʃən
rotation	roʊˈteɪʃən
convey	kənˈveɪ
dispose	dɪˈspoʊz
innocence	ˈɪnəsəns
firework	ˈfaɪrwɜːrk
cathedral	kəˈθiːdrəl
allegation	æləˈgeɪʃən
ethnic	ˈeθnɪk
thrive	θraɪv
attendance	əˈtendəns
reinforce	riːɪnˈfɔːrs
specify	ˈspesəfaɪ
productive	prəˈdʌktɪv
fax	fæks
thorough	ˈθɜːroʊ
guideline	ˈgaɪdlaɪn
imperial	ɪmˈpɪriəl
rash	ræʃ
residential	rezɪˈdenʃəl
torpedo	tɔrˈpiːdoʊ
superintendent	suːpərənˈtendənt
publicly	ˈpʌblɪkli
refrigerator	rəˈfrɪdʒəreɪtər
upcoming	ˈʌpkʌmɪŋ
wardrobe	ˈwɔːrdroʊb
rabbi	ˈræbaɪ
supplier	səˈplaɪər
manuscript	ˈmænjəskrɪpt
workout	ˈwɜːrkaʊt
teammate	ˈtiːmeɪt
criterion	kraɪˈtɪriən
referee	refərˈiː
ache	eɪk
groan	groʊn
patron	ˈpeɪtrən
lid	lɪd
smuggle	ˈsmʌgəl
psychologist	saɪˈkɑːlədʒəst
monument	ˈmɑːnjumənt
quiz	kwɪz
trench	trentʃ
handicap	ˈhændikæp
administrator	ədˈmɪnəstreɪtər
whilst	waɪlst
ambitious	æmˈbɪʃəs
ambush	ˈæmbʊʃ
vertical	ˈvɜːrtɪkəl
lone	loʊn
felony	ˈfeləni
despair	dɪˈsper
prediction	priˈdɪkʃən
gangster	ˈgæŋstər
limitation	lɪmɪˈteɪʃən
abstract	æbˈstrækt
crank	kræŋk
salon	səˈlɑːn
lightly	ˈlaɪtli
hairy	ˈheri
royalty	ˈrɔɪəlti
tickle	ˈtɪkəl
significantly	sɪgˈnɪfɪkəntli
clause	klɔːz
roam	roʊm
recycle	riˈsaɪkəl
hound	haʊnd
telegram	ˈteləgræm
stability	stəˈbɪlɪti
amazed	əˈmeɪzd
telegraph	ˈteləgræf
gorilla	gərˈɪlə
flock	flɑːk
endorse	enˈdɔːrs
autopsy	ˈɔːtɑːpsi
sponge	spʌndʒ
incentive	ɪnˈsentɪv
prevail	prɪˈveɪl
compartment	kəmˈpɑːrtmənt
fuss	fʌs
bartender	ˈbɑːrtendər
sanctuary	ˈsæŋktʃueri
sleepy	ˈsliːpi
frontier	frənˈtɪr
rubbish	ˈrʌbɪʃ
camel	ˈkæməl
gauge	geɪdʒ
discourage	dɪˈskɜːrɪdʒ
bun	bʌn
heap	hiːp
reef	riːf
cluster	ˈklʌstər
calculation	kælkjəˈleɪʃən
ignorance	ˈɪgnərəns
titan	ˈtaɪtən
accommodation	əkɑːməˈdeɪʃən
controversial	kɑːntrəˈvɜːrʃəl
portfolio	pɔrtˈfoʊlioʊ
density	ˈdensəti
precinct	ˈpriːsɪŋkt
detain	dɪˈteɪn
sidewalk	ˈsaɪdwɔːk
grunt	grʌnt
barber	ˈbɑːrbər
crave	kreɪv
jade	dʒeɪd
lethal	ˈliːθəl
narrative	ˈnærətɪv
compensate	ˈkɑːmpənseɪt
altitude	ˈæltətuːd
mutant	ˈmjuːtənt
surprisingly	sərˈpraɪzɪŋli
vaccine	vækˈsiːn
likewise	ˈlaɪkwaɪz
controversy	ˈkɑːntrəvɜːrsi
astronaut	ˈæstrənɑːt
privately	ˈpraɪvətli
repeatedly	rɪˈpiːtɪdli
cramp	kræmp
grandchild	ˈgrændtʃaɪld
freight	freɪt
behold	bɪˈhoʊld
grammar	ˈgræmər
lump	lʌmp
sunrise	ˈsʌnraɪz
chili	ˈtʃɪli
amend	əˈmend
cutter	ˈkʌtər
frustration	frəˈstreɪʃən
insanity	ɪnˈsænəti
playground	ˈpleɪgraʊnd
believer	bəˈliːvər
heroic	hɪˈroʊɪk
blond	blɑːnd
rehab	rihæb
disrespect	dɪsrɪˈspekt
idol	ˈaɪdəl
machinery	məˈʃiːnəri
editorial	edəˈtɔːriəl
severely	səˈvɪrli
mentor	ˈmentɔːr
portable	ˈpɔːrtəbəl
ouch	aʊtʃ
cavalry	ˈkævəlri
taco	ˈtɑːkoʊ
equality	ɪˈkwɑːləti
dictate	dɪkˈteɪt
dread	dred
acquaintance	əˈkweɪntəns
unload	ənˈloʊd
module	ˈmɑːdʒul
unacceptable	ʌnækˈseptəbəl
magician	məˈdʒɪʃən
zoom	zuːm
strangle	ˈstræŋgəl
riddle	ˈrɪdəl
chopper	ˈtʃɑːpər
presidency	ˈprezədənsi
dynamite	ˈdaɪnəmaɪt
groove	gruːv
contestant	kənˈtestənt
timber	ˈtɪmbər
backpack	ˈbækpæk
thrust	θrʌst
lesser	ˈlesər
maneuver	məˈnuːvər
affiliate	əˈfɪlieɪt
oyster	ˈɔɪstər
inspect	ɪnˈspekt
cone	koʊn
flexible	ˈfleksəbəl
northeast	nɔːrˈθiːst
reel	riːl
coalition	koʊəˈlɪʃən
ironic	aɪˈrɑːnɪk
necessity	nəˈsesəti
granny	ˈgræni
intensity	ɪnˈtensəti
peep	piːp
tuition	tjuˈɪʃən
greedy	ˈgriːdi
Arabic	ˈærəbɪk
outlaw	ˈaʊtlɔː
litter	ˈlɪtər
