of	prep
in	prep
that	pron
for	prep
on	prep
do	v
this	pron
we	pron
with	prep
get	v
me	pron
my	pron
what	pron
your	pron
but	conj
all	det
will	modal
at	prep
go	v
as	conj
can	modal
so	r
just	r
no	det
know	v
like	prep
back	r
from	prep
if	conj
one	num
out	prep
about	prep
up	prep
there	r
by	prep
or	conj
his	pron
say	v
she	pron
make	v
come	v
see	v
first	num
her	pron
want	v
when	n
time	n
who	pron
how	r
now	r
here	r
take	v
think	v
right	r
him	pron
look	v
would	modal
good	a
more	det
some	det
them	pron
well	r
may	modal
need	v
people	n
man	n
our	pron
work	v
give	v
thing	n
tell	v
us	pron
why	r
where	r
then	r
year	n
way	n
over	prep
day	n
their	pron
only	r
really	r
new	a
two	num
any	det
call	v
very	r
too	r
because	conj
hand	n
other	pron
into	prep
down	prep
than	conj
these	pron
never	r
much	det
love	v
head	n
which	pron
off	prep
should	modal
something	pron
let	v
second	num
after	prep
life	n
try	v
even	r
great	a
little	a
help	v
talk	v
before	prep
still	r
guy	n
long	a
keep	v
face	n
those	pron
home	r
feel	v
oh	int
last	a
find	v
show	v
play	v
put	v
win	v
start	v
mean	v
please	int
sure	a
place	n
better	r
big	a
yes	int
use	v
name	n
ask	v
old	a
happen	v
around	prep
water	n
through	prep
yeah	int
father	n
eye	n
again	r
run	v
also	r
always	r
most	det
woman	n
night	n
live	v
world	n
son	n
stop	v
mother	n
friend	n
every	det
god	n
three	num
wait	v
own	a
must	modal
many	det
house	n
hear	v
ever	r
best	a
thank	v
lot	n
white	a
move	v
kill	v
another	pron
same	a
anything	pron
change	v
away	r
money	n
nothing	pron
believe	v
girl	n
while	conj
black	a
wife	n
hold	v
leave	v
school	n
game	n
bring	v
might	modal
part	n
next	a
brother	n
end	n
family	n
found	v
such	det
maybe	r
turn	v
care	v
state	n
week	n
kid	n
both	det
high	a
everything	pron
since	conj
someone	pron
pay	v
without	prep
job	n
point	n
watch	v
child	n
understand	v
car	n
real	a
kind	n
read	v
minute	n
meet	v
problem	n
bad	a
far	r
number	n
stay	v
die	v
under	prep
enough	det
case	n
hour	n
red	a
boy	n
close	a
open	v
hey	int
set	v
today	r
hope	v
foot	n
mind	n
okay	int
remember	v
each	det
business	n
hard	a
thanks	int
course	r
cause	n
become	v
few	det
nice	a
seem	v
word	n
between	prep
until	conj
question	n
sorry	int
plan	n
order	n
book	n
team	n
room	n
send	v
break	v
against	prep
line	n
yet	r
once	r
matter	n
miss	v
month	n
idea	n
already	r
bed	n
company	n
buy	v
wrong	a
whole	a
together	r
daughter	n
party	n
check	v
city	n
story	n
sister	n
actually	r
stand	v
free	a
hit	v
fine	a
write	v
different	a
baby	n
person	n
country	n
else	r
deal	n
side	n
young	a
speak	v
later	r
fight	v
four	num
blue	a
listen	v
fall	v
husband	n
third	num
hair	n
power	n
pretty	r
walk	v
eat	v
report	n
yourself	pron
morning	n
sir	n
lead	v
drive	v
sit	v
fire	n
five	num
light	n
table	n
dress	n
service	n
sound	n
happy	a
easy	a
reason	n
summer	n
system	n
everyone	pron
arm	n
body	n
learn	v
small	a
full	a
ago	r
top	n
early	r
fact	n
forget	v
act	v
war	n
death	n
ready	a
though	conj
mom	n
guess	v
office	n
myself	pron
group	n
phone	n
American	a
soon	r
true	a
probably	r
law	n
pick	v
during	prep
follow	v
cut	v
important	a
least	det
music	n
save	v
control	n
bit	n
include	v
heart	n
green	a
dead	a
anyone	pron
date	n
record	n
late	a
sign	v
force	n
chance	n
train	n
pass	v
half	num
leg	n
sell	v
spend	v
area	n
drink	v
shot	n
answer	v
police	n
president	n
news	n
sleep	v
coffee	n
interest	n
hell	n
almost	r
lie	v
food	n
picture	n
grow	v
return	v
wish	v
able	a
town	n
class	n
wear	v
cup	n
general	a
low	a
moment	n
fun	n
base	n
less	det
lose	v
along	prep
figure	v
clear	a
marry	v
test	n
door	n
hi	int
street	n
March	n
glass	n
support	n
stuff	n
offer	v
dog	n
beautiful	a
hate	v
human	a
expect	v
mouth	n
million	num
couple	n
lady	n
catch	v
cover	v
court	n
rest	n
study	v
alone	a
government	n
either	det
mine	pron
air	n
drop	v
quite	r
six	num
fast	r
allow	v
suppose	v
finish	v
dad	n
brown	a
share	v
special	a
public	a
behind	prep
step	v
star	n
front	n
fish	n
movie	n
tonight	r
cool	a
begin	v
song	n
rule	n
gun	n
shoe	n
decide	v
present	n
large	a
throw	v
sometimes	r
list	n
land	n
past	a
issue	n
age	n
consider	v
continue	v
wind	n
parent	n
trust	v
inside	r
charge	n
exactly	r
building	n
others	a
pull	v
possible	a
attack	n
post	n
hot	a
hurt	v
whatever	pron
outside	r
short	a
level	n
dream	n
member	n
information	n
tomorrow	r
road	n
program	n
doctor	n
crazy	a
beat	v
single	a
experience	n
rather	r
wonder	v
player	n
strong	a
form	n
future	n
bill	n
park	n
student	n
enjoy	v
sex	n
however	r
piece	n
bank	n
himself	pron
major	a
carry	v
perfect	a
result	n
build	v
officer	n
sense	n
history	n
dance	v
meeting	n
spring	n
Friday	n
hello	int
worry	v
king	n
add	v
join	v
paper	n
cost	v
type	n
card	n
mark	n
touch	v
center	n
finger	n
near	prep
club	n
art	n
fly	v
film	n
stick	v
note	n
clean	a
explain	v
promise	v
ship	n
create	v
rain	n
blood	n
Sunday	n
key	n
reach	v
video	n
realize	v
funny	a
ride	n
April	n
agree	v
uncle	n
field	n
action	n
June	n
ball	n
Saturday	n
within	prep
egg	n
united	a
college	n
position	n
safe	a
truth	n
bottle	n
price	n
national	a
south	n
nobody	pron
release	v
sort	n
chair	n
receive	v
hang	v
lord	n
everybody	pron
welcome	int
chicken	n
season	n
anyway	r
board	n
choose	v
finally	r
security	n
across	prep
box	n
involve	v
often	r
hospital	n
account	n
shall	modal
serious	a
somebody	pron
visit	v
ahead	r
hat	n
choice	n
ground	n
store	n
serve	v
shirt	n
vote	v
term	n
tea	n
ear	n
local	a
rock	n
poor	a
letter	n
worth	a
murder	n
message	n
trouble	n
cannot	n
raise	v
tooth	n
north	n
ten	num
relationship	n
voice	n
laugh	v
whether	conj
perhaps	r
race	n
mile	n
wall	n
event	n
neck	n
excuse	v
match	n
personal	a
fix	v
shut	v
burn	v
track	n
remain	v
nose	n
captain	n
appear	v
health	n
view	n
protect	v
space	n
round	a
notice	v
sing	v
final	a
instead	r
concern	n
count	v
blow	v
push	v
situation	n
handle	v
claim	v
judge	n
middle	n
anymore	r
cold	a
design	n
project	n
complete	a
winter	n
stupid	a
station	n
shop	n
drug	n
mention	v
honor	n
press	n
prove	v
patient	n
hide	v
cross	v
deep	a
decision	n
west	n
July	n
treat	v
straight	r
department	n
steal	v
attention	n
due	a
wow	int
certain	a
bar	n
ring	n
secret	n
bet	v
simple	a
evidence	n
Monday	n
church	n
seven	num
private	a
kick	v
cry	v
sweet	a
seat	n
plate	n
several	det
milk	n
window	n
gold	n
apple	n
quick	a
cake	n
teach	v
English	a
research	n
dear	a
wake	v
roll	v
chief	n
difference	n
favorite	a
character	n
market	n
meat	n
agent	n
especially	r
social	a
glad	a
September	n
process	n
animal	n
except	prep
pain	n
respect	n
draw	v
storm	n
dinner	n
community	n
certainly	r
rate	n
color	n
sugar	n
dark	a
earth	n
trade	n
condition	n
tree	n
forward	r
sick	a
practice	n
fan	n
cousin	n
hotel	n
luck	n
scene	n
page	n
fit	v
accept	v
mistake	n
coat	n
partner	n
bag	n
army	n
master	n
fourth	num
file	n
floor	n
afraid	a
shoulder	n
horse	n
gray	a
snow	n
suggest	v
unless	conj
absolutely	r
although	conj
amazing	a
knife	n
wonderful	a
eight	num
yellow	a
yours	pron
contact	n
code	n
dollar	n
source	n
model	n
search	n
brain	n
size	n
stage	n
fail	v
enter	v
trip	n
lay	v
sale	n
thousand	num
fear	n
jump	v
entire	a
fair	a
block	n
kiss	v
operation	n
October	n
example	n
August	n
shoot	v
require	v
according	r
per	prep
university	n
spot	n
imagine	v
usually	r
risk	n
left	a
Christmas	n
cheese	n
various	a
fill	v
till	conj
unit	n
common	a
smoke	v
teacher	n
exist	v
knee	n
main	a
machine	n
none	det
hundred	num
prepare	v
evening	n
cell	n
sport	n
ice	n
joke	n
among	prep
above	prep
bear	n
medical	a
provide	v
smart	a
upon	prep
November	n
focus	v
score	n
French	a
arrest	n
waste	v
double	a
lock	v
twenty	num
effect	n
director	n
interesting	a
rich	a
surprise	n
crime	n
value	n
arrive	v
strike	v
east	n
alive	a
completely	r
lucky	a
plant	n
boss	n
sea	n
radio	n
photo	n
slow	a
cop	n
river	n
computer	n
coach	n
address	n
policy	n
total	a
destroy	v
property	n
themselves	pron
data	n
weapon	n
boot	n
feed	v
military	a
yesterday	r
anybody	pron
plane	n
develop	v
increase	v
dude	n
boat	n
wedding	n
gas	n
gift	n
cap	n
cat	n
worse	a
whose	pron
cook	v
fifth	num
feeling	n
county	n
leader	n
official	a
energy	n
December	n
difficult	a
peace	n
tie	v
Thursday	n
Tuesday	n
orange	n
guard	n
normal	a
science	n
language	n
soul	n
camera	n
site	n
January	n
period	n
marriage	n
credit	n
lawyer	n
currently	r
ticket	n
career	n
appreciate	v
suit	n
chocolate	n
describe	v
favor	n
island	n
sun	n
definitely	r
pressure	n
honey	n
beginning	n
doubt	n
opportunity	n
memory	n
oil	n
tough	a
website	n
society	n
pack	v
damage	n
style	n
weekend	n
detail	n
mad	a
jacket	n
band	n
weird	a
discuss	v
available	a
pink	a
series	n
belt	n
remove	v
cash	n
copy	v
busy	a
smell	v
approach	n
attempt	n
salt	n
natural	a
somewhere	r
subject	n
speed	n
goal	n
stomach	n
smile	v
mess	n
manage	v
professor	n
aunt	n
pen	n
tax	n
defense	n
amount	n
media	n
birthday	n
fat	a
simply	r
extra	a
bread	n
suffer	v
ray	n
huge	a
admit	v
economic	a
loss	n
bus	n
tired	a
image	n
review	n
target	n
quiet	a
article	n
effective	a
battle	n
quickly	r
camp	n
bird	n
opinion	n
manager	n
totally	r
accident	n
itself	pron
political	a
beach	n
generally	r
contract	n
product	n
recognize	v
knock	v
football	n
swear	v
flight	n
standard	a
grant	n
professional	a
hill	n
tear	v
travel	v
seriously	r
original	a
lovely	a
scared	a
clothes	n
fault	n
bomb	n
deserve	v
gentleman	n
lunch	n
heavy	a
direct	a
queen	n
load	n
rise	v
Wednesday	n
deliver	v
link	n
spirit	n
trial	n
taste	n
belong	v
likely	a
perform	v
grand	a
weight	n
introduce	v
driver	n
February	n
holy	a
soldier	n
proud	a
significant	a
fund	n
produce	v
flower	n
invite	v
Russian	a
range	n
grab	v
hole	n
afternoon	n
victim	n
witness	n
mix	v
truck	n
rose	n
nine	num
heat	n
education	n
wood	n
enemy	n
stone	n
material	n
international	a
challenge	n
statement	n
beer	n
German	a
female	a
tour	n
request	n
performance	n
staff	n
interview	n
forever	r
terrible	a
worst	a
assume	v
Chinese	a
legal	a
nation	n
access	n
juice	n
immediately	r
supply	n
apartment	n
role	n
British	a
effort	n
current	a
purpose	n
mountain	n
nature	n
former	a
mission	n
development	n
prison	n
sad	a
warm	a
skin	n
escape	v
title	n
demand	v
client	n
apply	v
could	modal
anywhere	r
hire	v
degree	n
fellow	n
dangerous	a
cute	a
folk	n
hall	n
print	v
seek	v
quit	v
artist	n
thought	n
careful	a
blame	v
bother	v
bye	int
plus	n
girlfriend	n
beyond	prep
angel	n
hero	n
represent	v
dry	a
fool	n
relax	v
operate	v
section	n
depend	v
scream	v
discover	v
conversation	n
century	n
butter	n
twice	r
duty	n
relate	v
feature	n
strange	a
evil	a
worried	a
wild	a
activity	n
guest	n
engine	n
corner	n
quality	n
comment	n
settle	v
stock	n
command	n
benefit	n
bottom	n
central	a
justice	n
calm	v
opening	a
success	n
award	n
neither	det
remind	v
nurse	n
union	n
buddy	n
commit	v
map	n
honest	a
schedule	n
bridge	n
used	a
necessary	a
fresh	a
potato	n
federal	a
self	n
restaurant	n
obviously	r
upset	a
average	a
customer	n
advice	n
direction	n
suspect	n
software	n
wine	n
avoid	v
correct	a
rice	n
league	n
option	n
owner	n
besides	prep
male	a
super	a
gain	v
tip	n
wash	v
grade	n
separate	a
shape	n
nearly	r
towards	prep
winner	n
speech	n
crowd	n
below	prep
tape	n
spread	v
ruin	v
transfer	n
individual	a
responsible	a
insurance	n
shake	v
impossible	a
network	n
trick	n
compare	v
positive	a
pleasure	n
jail	n
refuse	v
conference	n
regular	a
secretary	n
firm	n
disease	n
survive	v
district	n
hunt	v
theory	n
criminal	n
publish	v
wide	a
pair	n
drunk	a
industry	n
launch	v
safety	n
breathe	v
particular	a
screen	n
faith	n
boyfriend	n
minister	n
sky	n
otherwise	r
paint	v
plenty	n
lake	n
download	v
cheap	a
farm	n
percent	n
connect	v
grandfather	n
famous	a
herself	pron
airport	n
emergency	n
location	n
wave	n
lieutenant	n
pound	n
glove	n
signal	n
switch	v
channel	n
vehicle	n
thirty	num
meaning	n
shock	n
wound	n
grandmother	n
magic	n
digital	a
popular	a
election	n
foreign	a
apparently	r
affect	v
quarter	n
ability	n
recently	r
wing	n
collect	v
affair	n
village	n
heaven	n
version	n
contain	v
identify	v
cent	n
bone	n
crew	n
responsibility	n
sock	n
beauty	n
hurry	v
magazine	n
square	n
similar	a
beef	n
lift	v
technology	n
worker	n
owe	v
crash	n
measure	v
twelve	num
chase	v
excellent	a
possibly	r
apart	r
lack	n
soup	n
committee	n
earn	v
bond	n
fifty	num
weather	n
connection	n
yard	n
pool	n
killer	n
screw	v
senior	a
moon	n
announce	v
crack	n
confirm	v
kitchen	n
garden	n
actor	n
occur	v
treatment	n
angry	a
breakfast	n
argue	v
suddenly	r
truly	r
prince	n
reality	n
idiot	n
strength	n
awesome	a
agency	n
goodbye	int
excited	a
celebrate	v
intend	v
prefer	v
production	n
attorney	n
object	n
freedom	n
adult	n
campaign	n
surprised	a
response	n
skill	n
swim	v
mail	n
colonel	n
culture	n
regard	v
rent	n
clearly	r
willing	a
repeat	v
writer	n
council	n
determine	v
dig	v
sight	n
lesson	n
bless	v
convince	v
planet	n
theater	n
whom	pron
powerful	a
physical	a
bathroom	n
movement	n
engage	v
tight	r
bell	n
indeed	r
guilty	a
deny	v
forgive	v
improve	v
spell	n
express	v
bright	a
knowledge	n
dirty	a
associate	n
refer	v
salad	n
replace	v
employee	n
everywhere	r
modern	a
behavior	n
specific	a
stadium	n
split	v
pretend	v
fake	a
gate	n
attend	v
cast	v
establish	v
license	n
organization	n
host	n
investigation	n
cream	n
disappear	v
monster	n
collection	n
bunch	n
rush	n
towel	n
trap	n
painting	n
neighborhood	n
wheel	n
distance	n
danger	n
reveal	v
secure	a
ourselves	pron
sexual	a
comfortable	a
hook	n
empty	a
exchange	n
nor	conj
daily	a
coast	n
hungry	a
aware	a
potential	a
onto	prep
being	n
television	n
blanket	n
pray	v
loan	n
blind	a
loud	r
bowl	n
medicine	n
library	n
financial	a
nut	n
cancer	n
pocket	n
silver	n
shift	n
traffic	n
threaten	v
fantastic	a
alright	int
bury	v
sentence	n
freak	n
expert	n
shower	n
newspaper	n
dumb	a
management	n
guide	n
weak	a
function	n
clock	n
equipment	n
citizen	n
episode	n
slip	v
edge	n
struggle	n
tank	n
cultural	a
labor	n
odd	a
competition	n
giant	a
document	n
item	n
dare	v
wire	n
assistant	n
commercial	a
defend	v
soap	n
chain	n
cheat	v
champion	n
sake	n
bite	v
device	n
holiday	n
proof	n
limit	n
afford	v
darling	a
ignore	v
healthy	a
mate	n
pregnant	a
flat	a
eventually	r
beg	v
cheer	v
purple	a
relevant	a
brand	n
desire	n
rid	v
solution	n
easily	r
sixth	num
advantage	n
division	n
apologize	v
divorce	n
maintain	v
gather	v
royal	a
joint	a
birth	n
senator	n
successful	a
protection	n
locate	v
album	n
email	n
thumb	n
register	n
method	n
mostly	r
ocean	n
perfectly	r
circle	n
button	n
ought	modal
audience	n
prevent	v
recommend	v
awful	a
soft	a
ghost	n
particularly	r
path	n
negative	a
neighbor	n
application	n
ally	n
mass	n
drag	v
hardly	r
influence	n
reduce	v
fifteen	num
noise	n
shame	n
guarantee	v
banana	n
content	a
nervous	a
stress	n
route	n
tool	n
directly	r
pilot	n
meal	n
breath	n
Japanese	a
agreement	n
mainly	r
commission	n
bath	n
lane	n
highly	r
estate	n
exercise	n
propose	v
kinda	r
surface	n
solve	v
capture	v
facility	n
governor	n
talent	n
recent	a
progress	n
fashion	n
aim	v
suicide	n
tall	a
incredible	a
conduct	v
innocent	a
communication	n
flow	n
threat	n
chip	n
respond	v
western	a
appeal	n
zoo	n
balance	n
latest	a
generation	n
sample	n
capital	n
lazy	a
vision	n
usual	a
punch	n
ridiculous	a
prisoner	n
nephew	n
pepper	n
roof	n
metal	n
therefore	r
lip	n
online	r
somehow	r
surgery	n
basic	a
wet	a
bullet	n
studio	n
warning	n
row	n
graduate	v
whenever	conj
session	n
chest	n
valley	n
border	n
princess	n
commander	n
injury	n
ad	n
structure	n
freeze	v
package	n
extremely	r
lemon	n
author	n
indicate	v
purchase	n
zone	n
possibility	n
despite	prep
tiny	a
construction	n
cookie	n
rescue	v
dump	v
jury	n
familiar	a
silly	a
mayor	n
argument	n
civil	a
forty	num
detective	n
diamond	n
expensive	a
inch	n
rarely	r
aid	n
personally	r
wrist	n
bay	n
stranger	n
frame	n
authority	n
organize	v
rare	a
swing	v
population	n
victory	n
inform	v
appointment	n
shadow	n
honestly	r
attitude	n
fully	r
bedroom	n
unfortunately	r
European	a
skirt	n
prize	n
loose	a
yell	v
failure	n
resource	n
limited	a
proper	a
mental	a
pillow	n
climb	v
reaction	n
bike	n
calendar	n
gang	n
surround	v
desk	n
prime	a
wrap	v
rat	n
tower	n
iron	n
advance	n
nail	n
harm	n
brilliant	a
rough	a
profit	n
monitor	n
eleven	num
violence	n
obvious	a
friendly	a
pattern	n
warn	v
fork	n
bind	v
complain	v
forest	n
rank	n
toy	n
ugly	a
region	n
seal	n
pig	n
troop	n
politics	n
actual	a
reference	n
fruit	n
lately	r
click	v
junior	a
devil	n
literally	r
previously	r
pure	a
profile	n
lover	n
bug	n
net	n
background	n
impact	n
exciting	a
museum	n
sink	n
environment	n
toward	prep
illegal	a
Spanish	a
squad	n
throughout	prep
association	n
executive	n
retire	v
foundation	n
extend	v
debt	n
mirror	n
ankle	n
arrange	v
experiment	n
flag	n
payment	n
sue	v
wise	a
tomato	n
pet	n
horrible	a
regret	v
reward	n
investment	n
joy	n
lost	a
asleep	a
approve	v
root	n
whoever	pron
shout	v
basically	r
photograph	n
presence	n
delete	v
frequently	r
status	n
pencil	n
element	n
desert	n
fox	n
solid	a
port	n
circumstance	n
scale	n
classic	a
golden	a
ancient	a
previous	a
fuel	n
shine	v
journey	n
achieve	v
mood	n
bat	n
candidate	n
alarm	n
dozen	n
engineer	n
slowly	r
procedure	n
update	n
complex	a
abuse	n
analysis	n
investigate	v
knight	n
active	a
zero	n
spin	v
password	n
passenger	n
naked	a
cigarette	n
thus	r
addition	n
borrow	v
onion	n
entirely	r
quote	v
scientist	n
proceed	v
universe	n
cloud	n
reserve	v
inspire	v
cable	n
pizza	n
stare	v
youth	n
drama	n
manner	n
temperature	n
defeat	v
accuse	v
creature	n
slave	n
vacation	n
telephone	n
nuclear	a
prayer	n
sin	n
religious	a
permission	n
text	n
trace	n
visible	a
bull	n
billion	num
concept	n
means	n
marine	n
expose	v
sheriff	n
discussion	n
species	n
multiple	a
slide	v
vice	n
surely	r
navy	n
crush	n
internet	n
pitch	n
sweater	n
sheet	n
promote	v
nowhere	r
volunteer	v
task	n
demon	n
delay	n
incident	n
brave	a
emotional	a
suitable	a
intelligence	n
priest	n
tend	v
romantic	a
insane	a
impress	v
factor	n
chat	n
trail	n
delivery	n
steel	n
mask	n
oven	n
transport	n
encourage	v
poison	n
insist	v
religion	n
contest	n
twin	n
aside	r
pump	n
tail	n
relation	n
rainbow	n
tune	n
independent	a
fancy	a
recover	v
golf	n
reporter	n
duck	n
uniform	n
display	n
mount	n
sexy	a
scare	v
abandon	v
cancel	v
fry	v
recall	v
polite	a
funeral	n
bleed	v
brief	a
dragon	n
declare	v
turkey	n
terrorist	n
baseball	n
ending	n
string	n
electric	a
equal	a
grave	n
pride	n
dentist	n
growth	n
battery	n
appearance	n
barely	r
income	n
strip	n
sergeant	n
false	a
attract	v
muscle	n
silence	n
assault	n
hobby	n
resident	n
armed	a
cure	n
pork	n
sacrifice	n
estimate	n
motion	n
sword	n
tongue	n
mystery	n
flash	n
throat	n
confidence	n
spare	v
ex	a
pal	n
chemical	a
instance	r
description	n
sharp	a
critical	a
concert	n
select	v
occasion	n
fee	n
tag	n
nerve	n
broad	a
jeans	n
fridge	n
budget	n
wolf	n
pot	n
theme	n
twist	v
spy	n
stretch	v
writing	n
sail	v
stream	n
heal	v
deck	n
tire	n
factory	n
genius	n
southern	a
capable	a
thin	a
strategy	n
pipe	n
mouse	n
attractive	a
missing	a
tap	n
plain	a
pin	n
sudden	a
dive	v
relative	n
qualify	v
permit	v
adopt	v
personality	n
alien	n
basis	n
ton	n
legend	n
bloody	a
duke	n
chick	n
snake	n
branch	n
chairman	n
snap	v
offense	n
pill	n
spoon	n
territory	n
entry	n
complicated	a
chapter	n
technique	n
candy	n
plot	n
monkey	n
administration	n
toilet	n
primary	a
comfort	n
fantasy	n
bend	v
height	n
crown	n
basketball	n
lonely	a
disgust	n
sand	n
pleased	a
cow	n
broken	a
producer	n
unique	a
skip	v
Indian	a
crisis	n
define	v
conflict	n
exact	a
fortune	n
debate	n
chart	n
tone	n
hop	v
peach	n
tiger	n
journal	n
bid	v
identity	n
visitor	n
hip	n
repair	v
pour	v
chamber	n
annual	a
dust	n
editor	n
prior	a
curious	a
sunny	a
shell	n
novel	n
fate	n
boring	a
emotion	n
congress	n
motor	n
singer	n
log	n
bicycle	n
trash	n
finance	n
highway	n
outfit	n
scary	a
naturally	r
phase	n
adventure	n
fighter	n
kingdom	n
observe	v
trigger	n
hunter	n
badly	r
alternative	n
tube	n
dish	n
gear	n
deputy	n
shooting	n
reasonable	a
explanation	n
additional	a
plastic	n
assure	v
elbow	n
diet	n
scratch	v
blast	n
decent	a
sausage	n
useful	a
native	a
protest	n
friendship	n
lion	n
laptop	n
beast	n
tradition	n
upper	a
bible	n
opposite	a
script	n
decade	n
jealous	a
grape	n
global	a
oppose	v
strawberry	n
fishing	n
gut	n
castle	n
examine	v
habit	n
principle	n
length	n
alcohol	n
therapy	n
witch	n
minor	a
bush	n
breast	n
disturb	v
panic	n
happiness	n
kidnap	v
carefully	r
fog	n
cafe	n
farmer	n
assist	v
arrangement	n
slightly	r
festival	n
attach	v
appropriate	a
niece	n
passion	n
unusual	a
volume	n
steam	n
sweat	n
instruction	n
pardon	n
grandma	n
counter	n
anniversary	n
miracle	n
angle	n
combine	v
sandwich	n
umbrella	n
wipe	v
institution	n
operator	n
combination	n
autumn	n
loser	n
draft	n
bow	n
initial	a
advise	v
complaint	n
mill	n
sensitive	a
pie	n
gene	n
silent	a
divide	v
torture	v
comic	a
curse	n
core	n
babe	n
traditional	a
nightmare	n
mobile	a
stake	n
exit	n
virus	n
temple	n
sixteen	num
expression	n
seed	n
error	n
compete	v
radar	n
economy	n
charity	n
intention	n
jerk	n
Catholic	a
luggage	n
succeed	v
sixty	num
leak	n
shore	n
rumor	n
grateful	a
normally	r
insult	v
reputation	n
horn	n
kit	n
midnight	n
suggestion	n
representative	n
upstairs	r
tale	n
hug	n
flip	v
reject	v
label	n
personnel	n
impression	n
palace	n
anger	n
expense	n
warrant	n
handsome	a
dawn	n
properly	r
web	n
jet	n
float	v
ban	n
doll	n
northern	a
boom	n
consequence	n
smooth	a
disappointed	a
Jewish	a
guitar	n
majority	n
belief	n
authorities	n
carrot	n
invest	v
warrior	n
wherever	conj
scientific	a
crystal	n
disaster	n
forehead	n
embarrass	v
actress	n
corporation	n
massive	a
custom	n
valuable	a
elect	v
Roman	a
poem	n
combat	n
piano	n
toe	n
ceremony	n
patch	n
liar	n
routine	n
brush	n
championship	n
garage	n
math	n
penny	n
desperate	a
coin	n
dealer	n
downtown	r
eastern	a
unknown	a
moral	a
gorgeous	a
relief	n
instrument	n
via	prep
ours	pron
entertainment	n
Olympic	a
rope	n
Greek	a
ease	n
principal	n
scheme	n
regulation	n
convention	n
tunnel	n
gamble	v
clue	n
medal	n
cycle	n
chill	n
obtain	v
thick	a
republican	a
electronic	a
extreme	a
reflect	v
bishop	n
punish	v
stable	a
asset	n
revolution	n
academy	n
flood	n
gross	a
jam	n
hearing	n
sweep	v
officially	r
priority	n
empire	n
taxi	n
glory	n
goods	n
reverse	a
contribute	v
broadcast	n
assign	v
avenue	n
technical	a
typical	a
gym	n
satellite	n
concentrate	v
praise	v
drill	n
conclusion	n
capacity	n
sometime	r
inspector	n
courage	n
advanced	a
possession	n
precious	a
fence	n
platform	n
thief	n
musical	a
dedicate	v
depth	n
sector	n
proposal	n
ordinary	a
variety	n
internal	a
user	n
explore	v
reply	v
rub	v
bean	n
rocket	n
specifically	r
edition	n
impressive	a
clever	a
nonsense	n
superior	a
shark	n
humor	n
lifetime	n
breed	n
thrill	n
engineering	n
awake	a
corporate	a
expand	v
mercy	n
ensure	v
sweetheart	n
flame	n
senate	n
liberty	n
assignment	n
privilege	n
dismiss	v
charm	n
meanwhile	r
waist	n
interrupt	v
missile	n
permanent	a
smash	v
politician	n
speaker	n
supreme	a
childhood	n
steady	a
invent	v
swell	a
treasure	n
dirt	n
deposit	n
delicious	a
violent	a
costume	n
toast	n
injure	v
drown	v
apology	n
closet	n
lean	v
garlic	n
panel	n
goodness	n
whip	n
reader	n
behave	v
creative	a
fourteen	num
punk	n
rabbit	n
manufacture	v
aircraft	n
encounter	n
entrance	n
delight	n
peak	n
eagle	n
participate	v
rifle	n
civilian	n
assistance	n
tournament	n
majesty	n
bump	n
spoil	v
pursue	v
shield	n
exam	n
chop	v
execute	v
minimum	n
melt	v
visual	a
hopefully	r
mushroom	n
survey	n
robot	n
mall	n
unable	a
overall	r
sum	n
comedy	n
vessel	n
resist	v
weigh	v
cage	n
existence	n
pan	n
pit	n
aspect	n
shave	v
discovery	n
cave	n
servant	n
Canadian	a
tattoo	n
penalty	n
con	n
absolute	a
pose	v
stroke	n
grass	n
entitle	v
annoy	v
hack	v
acquire	v
cowboy	n
commissioner	n
employ	v
column	n
toss	v
ward	n
Mexican	a
install	v
wage	n
cliff	n
solo	n
appoint	v
casino	n
bake	v
explosion	n
Korean	a
notebook	n
rely	v
wallet	n
following	a
garbage	n
sofa	n
sneak	v
random	a
nasty	a
lend	v
sponsor	n
vampire	n
pace	n
unlike	prep
lung	n
perspective	n
seventeen	num
someday	r
rude	a
commitment	n
surgeon	n
temporary	a
submit	v
meter	n
acid	n
rear	a
Muslim	a
couch	n
deeply	r
anytime	r
tech	n
pulse	n
stab	v
destiny	n
demonstrate	v
institute	n
powder	n
drum	n
domestic	a
promotion	n
aboard	r
recovery	n
originally	r
accomplish	v
tenth	num
dancer	n
colleague	n
forth	r
journalist	n
pile	n
gallery	n
soccer	n
mighty	a
wreck	n
thirteen	num
judgment	n
scout	n
collapse	v
immediate	a
slight	a
constant	a
eliminate	v
unbelievable	a
Dutch	a
blade	n
clip	n
shelter	n
admire	v
romance	n
edit	v
makeup	n
eighteen	num
terrific	a
restore	v
bride	n
lecture	n
fold	v
occupy	v
afterwards	r
severe	a
flesh	n
ambassador	n
starve	v
approximately	r
salary	n
headquarters	n
difficulty	n
pearl	n
polish	v
remote	a
revenge	n
spit	v
harbor	n
enterprise	n
fascinate	v
scan	v
pole	n
cruise	n
possess	v
helicopter	n
eyebrow	n
narrow	a
household	n
practically	r
keyboard	n
urge	n
raw	a
merely	r
swallow	v
patrol	n
symbol	n
topic	n
Asian	a
storage	n
slap	v
tissue	n
confess	v
pleasant	a
campus	n
phrase	n
charming	a
symptom	n
surrender	v
maximum	n
bonus	n
exception	n
lad	n
circuit	n
lap	n
entertain	v
fever	n
murderer	n
medium	a
category	n
celebrity	n
whisper	v
stamp	n
basement	n
hammer	n
brick	n
signature	n
practical	a
darkness	n
necessarily	r
marketing	n
defendant	n
palm	n
era	n
somewhat	r
crawl	v
leadership	n
compromise	n
horror	n
convict	n
raid	n
Latin	a
sauce	n
preserve	v
privacy	n
extraordinary	a
ideal	a
noble	a
stairs	n
acknowledge	v
explode	v
spider	n
bubble	n
ashamed	a
testify	v
elevator	n
jungle	n
cabinet	n
mode	n
heel	n
bounce	v
useless	a
liberal	a
bee	n
poetry	n
merry	a
helpful	a
cabin	n
punishment	n
closely	r
definition	n
resistance	n
everyday	a
engagement	n
clinic	n
depression	n
sustain	v
communist	n
decline	v
pathetic	a
sequence	n
communicate	v
behalf	n
inner	a
fleet	n
custody	n
exhibit	n
scarf	n
accurate	a
ultimate	a
generate	v
layer	n
drain	n
bored	a
imagination	n
conclude	v
reform	n
contribution	n
nearby	r
exclusive	a
disorder	n
react	v
constantly	r
frozen	a
cotton	n
objective	n
plug	n
booth	n
adjust	v
scissors	n
whistle	n
electricity	n
translate	v
withdraw	v
hostage	n
painful	a
leather	n
retirement	n
ambulance	n
creep	n
incredibly	r
organ	n
Australian	a
forbid	v
literature	n
escort	n
coverage	n
hockey	n
bench	n
convert	v
whale	n
creation	n
historical	a
spill	v
importance	n
infection	n
origin	n
bureau	n
rage	n
robbery	n
trunk	n
bail	n
dine	v
fairly	r
ranger	n
shortly	r
backup	n
trailer	n
recruit	v
sack	n
squeeze	v
housing	n
protein	n
tennis	n
philosophy	n
tent	n
suspend	v
photographer	n
objection	n
invitation	n
atmosphere	n
improvement	n
announcement	n
approval	n
settlement	n
clown	n
ski	n
relieve	v
boil	v
soil	n
satisfied	a
hood	n
sigh	n
furniture	n
resolve	v
thread	n
confident	a
athlete	n
essential	a
barrel	n
arrival	n
elephant	n
bully	n
spray	n
pirate	n
ace	n
discipline	n
beam	n
embrace	v
industrial	a
advertising	n
alter	v
medication	n
celebration	n
dock	n
shy	a
alliance	n
detect	v
vegetable	n
awkward	a
worship	n
accompany	v
tourist	n
poet	n
pope	n
expectation	n
carrier	n
republic	n
genetic	a
vital	a
formula	n
rebel	n
champagne	n
predict	v
analyze	v
airline	n
educate	v
headache	n
chef	n
terrify	v
homework	n
craft	n
compliment	n
surveillance	n
slam	v
imply	v
emperor	n
selection	n
conservative	a
hint	n
counsel	n
resort	n
fairy	n
shade	n
maintenance	n
rally	n
critic	n
portion	n
academic	a
poll	n
coordinate	v
turtle	n
designer	n
fluid	n
recipe	n
rubber	n
rail	n
wander	v
shed	n
certificate	n
pity	n
destruction	n
parade	n
requirement	n
gentle	a
stun	v
fraud	n
dramatic	a
intelligent	a
flee	v
cherry	n
slice	n
betray	v
replacement	n
jewelry	n
candle	n
generous	a
server	n
auto	n
stink	v
Italian	a
pad	n
burger	n
coal	n
assembly	n
miserable	a
democracy	n
illness	n
strain	n
brake	n
bout	n
trauma	n
outstanding	a
soda	n
eighty	num
ninety	num
seventy	num
nineteen	num
kettle	n
pear	n
windy	a
cloudy	a
pop	v
lower	a
buck	n
pro	n
rip	v
rob	v
lab	n
bang	n
alert	n
sub	n
cab	n
railroad	n
rating	n
suite	n
sweetie	n
underground	a
fade	v
menu	n
frequency	n
consult	v
carpet	n
corn	n
fabulous	a
intense	a
spark	n
emerge	v
needle	n
teenager	n
drawing	n
maid	n
cruel	a
remarkable	a
climate	n
skull	n
regional	a
rap	n
reservation	n
urban	a
liquid	n
oxygen	n
confuse	v
negotiate	v
foul	n
humanity	n
accent	n
embarrassed	a
consent	n
justify	v
formal	a
burst	v
survivor	n
lamp	n
jazz	n
clay	n
bargain	n
veteran	n
puppy	n
teen	n
democratic	a
sacred	a
wrestle	v
testimony	n
distract	v
downstairs	r
employer	n
distinguish	v
interior	n
compound	a
weakness	n
patience	n
transmission	n
execution	n
constitution	n
triple	a
uncomfortable	a
ultimately	r
belly	n
consumer	n
lick	v
instant	a
survival	n
noon	n
extension	n
heavily	r
highlight	v
crop	n
tragedy	n
offend	v
transportation	n
badge	n
lightning	n
beside	prep
electrical	a
cough	n
physics	n
grandpa	n
partnership	n
dip	v
steak	n
grip	n
donate	v
opponent	n
burden	n
poster	n
wagon	n
ministry	n
isolate	v
liver	n
anxiety	n
auction	n
skate	v
talented	a
loop	n
creek	n
recommendation	n
spike	n
spiritual	a
retreat	v
violation	n
peanut	n
motive	n
haunt	v
stack	n
widow	n
lobby	n
introduction	n
wisdom	n
arrow	n
wealth	n
rod	n
madame	n
essay	n
employment	n
mortgage	n
residence	n
thunder	n
substance	n
rig	n
depressed	a
maker	n
passage	n
laundry	n
welfare	n
ranch	n
frankly	r
rider	n
musician	n
echo	n
nest	n
boost	n
scholarship	n
carbon	n
mysterious	a
scar	n
violate	v
lease	n
mature	a
cease	v
concrete	n
purse	n
elder	a
import	n
observation	n
peaceful	a
tension	n
basket	n
devote	v
bark	v
remark	n
dot	n
trend	n
reception	n
madam	n
resign	v
statue	n
strongly	r
overwhelm	v
blank	a
conspiracy	n
divine	a
environmental	a
gap	n
stir	v
serial	a
dope	n
mister	n
weekly	a
guardian	n
riot	n
sheep	n
worthy	a
Thanksgiving	n
goat	n
urgent	a
curve	n
await	v
memorial	n
inspiration	n
revenue	n
snack	n
beneath	prep
choke	v
enable	v
deed	n
hail	n
vast	a
underwear	n
manual	a
presidential	a
physician	n
selfish	a
terminal	n
democrat	n
terribly	r
interfere	v
tribe	n
shrink	v
discount	n
obligation	n
protocol	n
enforcement	n
stall	n
roast	v
offensive	a
component	n
guilt	n
coincidence	n
statistic	n
overcome	v
loyalty	n
numerous	a
specialist	n
chemistry	n
buyer	n
mud	n
universal	a
confession	n
shove	v
preparation	n
activate	v
ram	v
genuine	a
worm	n
audition	n
chew	v
bum	n
bitter	a
filter	n
terror	n
homeless	a
retain	v
suspicious	a
buzz	n
flavor	n
curtain	n
bolt	n
lodge	n
laboratory	n
hike	n
amateur	n
fame	n
sailor	n
trophy	n
excitement	n
bunny	n
presentation	n
disappoint	v
underneath	prep
bucket	n
consideration	n
champ	n
elsewhere	r
laser	n
paradise	n
heck	n
discharge	n
province	n
context	n
consist	v
loyal	a
beloved	a
Halloween	n
consistent	a
kidney	n
precisely	r
consume	v
puzzle	n
unhappy	a
physically	r
relatively	r
subtitle	n
formation	n
cheek	n
liquor	n
comparison	n
distribution	n
steer	v
passport	n
competitive	a
scenario	n
cattle	n
Yankee	n
shooter	n
safely	r
enormous	a
exposure	n
grocery	n
stain	n
instinct	n
blonde	n
fiction	n
resolution	n
dame	n
Arab	n
frustrate	v
marshal	n
explosive	n
beard	n
occasionally	r
independence	n
resume	v
audio	n
deadly	a
technically	r
achievement	n
admiral	n
humble	a
info	n
throne	n
infect	v
satisfy	v
runner	n
outcome	n
balloon	n
galaxy	n
chaos	n
dose	n
solar	a
misunderstand	v
vary	v
parliament	n
clerk	n
lyric	n
ritual	n
mob	n
locker	n
tick	v
classify	v
boundary	n
addict	n
companion	n
pregnancy	n
gig	n
cocktail	n
sore	a
seventh	a
circus	n
footage	n
pronounce	v
upgrade	n
colony	n
quietly	r
anxious	a
moron	n
pledge	n
obsess	v
transform	v
frog	n
venture	n
seize	v
laughter	n
versus	n
automatic	a
prospect	n
junk	n
aggressive	a
brook	n
sunshine	n
breach	n
ham	n
ceiling	n
impose	v
doom	n
regardless	r
database	n
unlock	v
portrait	n
abortion	n
differently	r
bacon	n
hatch	n
rib	n
verse	n
dispute	n
evolve	v
translation	n
rapid	a
establishment	n
drift	v
helmet	n
secondary	a
publication	n
cooperation	n
meantime	n
outer	a
rhythm	n
invasion	n
bold	a
yield	n
notify	v
guidance	n
logic	n
massage	n
racist	n
authorize	v
airplane	n
documentary	n
slim	a
attraction	n
scandal	n
luxury	n
plead	v
feather	n
educational	a
conviction	n
diary	n
amuse	v
halt	n
hurricane	n
profession	n
sketch	n
unfortunate	a
gum	n
faint	a
overnight	r
flush	v
absence	n
dial	v
architect	n
destination	n
wealthy	a
automatically	r
wooden	a
shelf	n
construct	v
corrupt	a
radiation	n
investor	n
acre	n
boo	v
registration	n
anchor	n
tackle	v
vow	n
dimension	n
gender	n
leap	n
ant	n
collar	n
headline	n
stitch	n
strict	a
warehouse	n
glow	n
allege	v
bare	a
percentage	n
barn	n
condemn	v
strictly	r
calculate	v
magical	a
alike	a
alpha	n
publisher	n
mechanic	n
commonwealth	n
halfway	r
demonstration	n
pupil	n
invisible	a
amongst	n
savage	a
notion	n
transaction	n
unexpected	a
slot	n
recognition	n
poker	n
tender	a
disagree	v
voter	n
amendment	n
evolution	n
alley	n
criticize	v
accidentally	r
landscape	n
lamb	n
vault	n
motorcycle	n
lawn	n
drawer	n
cargo	n
treaty	n
wizard	n
tan	n
concentration	n
confront	v
cart	n
myth	n
hers	pron
haul	v
tragic	a
surf	n
oak	n
copper	n
detailed	a
earthquake	n
olive	n
gal	n
magnificent	a
restrict	v
reckon	v
canal	n
unfair	a
skinny	a
criticism	n
backwards	r
ditch	n
typically	r
graphic	a
hardware	n
receipt	n
disable	v
examination	n
mock	v
deaf	a
opposition	n
stat	n
arise	v
efficient	a
assessment	n
policeman	n
equally	r
vulnerable	a
dominate	v
verify	v
cooperate	v
mechanism	n
chin	n
silk	n
temper	n
index	n
poverty	n
fracture	n
defensive	a
frightened	a
eternal	a
anticipate	v
render	v
persuade	v
foolish	a
mutual	a
monk	n
quest	n
cannon	n
Scottish	a
extent	n
goose	n
dash	n
adapt	v
enhance	v
transition	n
jar	n
sole	a
pistol	n
distress	n
lawsuit	n
sunset	n
faculty	n
distant	a
founder	n
pine	n
dessert	n
subway	n
manufacturer	n
jaw	n
conscience	n
contrary	a
implement	v
legacy	n
nap	v
casual	a
negotiation	n
petition	n
roommate	n
intellectual	a
intent	a
rack	n
distribute	v
extensive	a
premier	n
exhibition	n
strap	n
pension	n
psychological	a
baron	n
tempt	v
happily	r
worldwide	a
plague	n
initiate	v
tactic	n
butler	n
regularly	r
grief	n
suspicion	n
mid	a
legitimate	a
chuckle	v
businessman	n
abroad	r
wicked	a
hollow	a
historic	a
sensor	n
inquiry	n
creepy	a
radical	a
rival	n
sew	v
advocate	n
grain	n
neat	a
sucker	n
refugee	n
verdict	n
biological	a
tide	n
wax	n
immigrant	n
ethic	n
lifestyle	n
jewel	n
substitute	n
legally	r
bin	n
investigator	n
anonymous	a
homicide	n
identification	n
equip	v
hut	n
sleeve	n
carve	v
cemetery	n
cigar	n
casualty	n
stunt	n
ladder	n
integrity	n
hence	r
organic	a
gram	n
therapist	n
dam	n
photography	n
stem	n
corpse	n
prom	n
embassy	n
cartoon	n
crook	n
coward	n
ridge	n
bachelor	n
stripe	n
illusion	n
reliable	a
phenomenon	n
inspection	n
anti	n
dull	a
convenient	a
harmony	n
adorable	a
conquer	v
banner	n
cricket	n
summon	v
endure	v
alongside	prep
membership	n
successfully	r
scope	n
admission	n
hostile	a
donation	n
bra	n
compose	v
assemble	v
prep	n
disguise	n
globe	n
sting	v
debut	n
gesture	n
supper	n
pursuit	n
syndrome	n
forge	v
grind	v
exploit	v
graduation	n
psychology	n
transmit	v
deer	n
gravity	n
setup	n
transcript	n
dough	n
reflection	n
harsh	a
nicely	r
compel	v
currency	n
mini	n
eighth	a
initiative	n
faithful	a
minority	n
handy	a
delta	n
retail	n
confusion	n
civilization	n
fur	n
pale	a
invention	n
rebuild	v
rotten	a
leaf	n
tin	n
cite	v
valve	n
ink	n
hilarious	a
sympathy	n
tease	v
parallel	a
prescription	n
barrier	n
dignity	n
courtesy	n
humiliate	v
tub	n
dynamic	a
fist	n
monthly	a
clinical	a
inn	n
depart	v
rehearsal	n
vanish	v
breakdown	n
overlook	v
tribute	n
patent	n
soak	v
tobacco	n
glorious	a
mechanical	a
departure	n
consciousness	n
dispatch	n
filthy	a
nevertheless	r
streak	n
prosecutor	n
unlikely	a
mug	n
decrease	v
trainer	n
container	n
adore	v
ratio	n
archive	n
freshman	n
grill	n
contrast	n
brace	n
envelope	n
wit	n
gently	r
sober	a
scholar	n
elementary	a
tuck	v
equivalent	n
reverend	a
mere	a
prosecution	n
slaughter	n
scrap	n
invade	v
peer	n
spice	n
inherit	v
bloom	v
theft	n
fundamental	a
swamp	n
obey	v
involvement	n
rot	v
vein	n
conscious	a
goddess	n
peel	n
insect	n
cord	n
sufficient	a
lance	n
Swiss	a
painter	n
nickname	n
fare	n
deadline	n
Egyptian	a
kindly	r
fond	a
disk	n
butterfly	n
harvest	n
mortal	a
charter	n
blend	v
motivate	v
naval	a
viewer	n
tab	n
smack	n
comrade	n
orbit	n
characteristic	a
grid	n
assumption	n
acceptable	a
corruption	n
logical	a
satisfaction	n
publicity	n
tense	a
starter	n
endless	a
semi	n
flatter	v
arena	n
bomber	n
teaching	n
lame	a
erase	v
elite	n
correctly	r
fetch	v
poke	v
particle	n
tolerate	v
whereas	n
decorate	v
contractor	n
evaluation	n
Easter	n
bruise	n
petty	a
oath	n
architecture	n
bait	n
extract	v
classroom	n
intervention	n
mistress	n
knot	n
external	a
export	n
whiskey	n
unconscious	n
ego	n
traitor	n
scatter	v
stalk	v
tremendous	a
stiff	a
greatly	r
motel	n
generator	n
ballet	n
pause	n
marker	n
incorporate	v
ingredient	n
essentially	r
merit	n
delicate	a
probe	n
teenage	a
straw	n
devastate	v
refresh	v
dialogue	n
gulf	n
counselor	n
vacuum	n
unnecessary	a
apparent	a
modify	v
overseas	r
athletic	a
pumpkin	n
supporter	n
reign	n
insight	n
flirt	v
deploy	v
brutal	a
upside	r
vet	n
input	n
outdoor	a
greeting	n
crucial	a
chapel	n
jurisdiction	n
identical	a
psychiatrist	n
absorb	v
insert	v
mentally	r
capability	n
prop	n
monsieur	n
exceed	v
neglect	v
nowadays	r
ancestor	n
govern	v
contemporary	a
butcher	n
intimate	a
roar	n
groom	n
potentially	r
presume	v
pub	n
perfume	n
messenger	n
pony	n
affection	n
ambition	n
villa	n
consultant	n
fatal	a
waiter	n
fabric	n
vest	n
kindness	n
largely	r
canyon	n
scrub	v
antique	a
forum	n
commerce	n
vocal	a
utility	n
surgical	a
suspension	n
toxic	a
frighten	v
whatsoever	a
plea	n
artificial	a
gasp	v
fingerprint	n
vitamin	n
reunion	n
marble	n
immigration	n
necklace	n
picnic	n
roller	n
defender	n
chant	v
rapidly	r
berry	n
infant	n
semester	n
mansion	n
psychic	n
scam	n
pinch	n
follower	n
amber	n
revolutionary	a
marijuana	n
prophet	n
occupation	n
diagnosis	n
perception	n
shaft	n
fiber	n
renew	v
curiosity	n
trim	v
margin	n
considerable	a
specialize	v
absurd	a
biology	n
collector	n
commence	v
analyst	n
classical	a
app	a
rental	n
proportion	n
effectively	r
manipulate	v
pond	n
valid	a
tumor	n
railway	n
misery	n
composition	n
franchise	n
horizon	n
pancake	n
advisor	n
representation	n
spite	n
interpret	v
oral	a
subtle	a
crab	n
blog	n
dolphin	n
expansion	n
nun	n
visa	n
vomit	n
claw	v
lounge	n
banker	n
substantial	a
newly	r
terminate	v
outline	n
preliminary	a
protective	a
descend	v
dental	a
provision	n
shotgun	n
feast	n
honeymoon	n
neutral	a
automobile	n
instantly	r
envy	n
frost	n
blink	v
exclude	v
supervisor	n
efficiency	n
chronic	a
fortunately	r
submarine	n
continent	n
donor	n
creator	n
ape	n
experimental	a
glue	n
strategic	a
orphan	n
merchant	n
domain	n
segment	n
heroin	n
virtue	n
herb	n
handful	n
tricky	a
Turkish	a
stumble	v
zip	n
fountain	n
virtually	r
federation	n
cinema	n
instructor	n
minus	n
inventory	n
playoff	n
appetite	n
facial	a
coffin	n
summit	n
roughly	r
hunger	n
flu	n
nude	a
rug	n
cocaine	n
shepherd	n
drone	n
shallow	a
cloth	n
touchdown	n
greet	v
assess	v
madness	n
cope	v
designate	v
arch	n
vent	n
vibe	n
ninth	a
tenant	n
alternate	v
bald	a
scramble	v
bizarre	a
instruct	v
evacuate	v
cue	n
initially	r
realm	n
tow	v
limb	n
equation	n
dice	v
holder	n
emotionally	r
attribute	v
adoption	n
par	n
thigh	n
mineral	n
fortunate	a
owl	n
sophisticated	a
altogether	r
swap	v
farewell	n
expedition	n
format	n
crow	n
nominate	v
mint	n
carriage	n
perceive	v
applause	n
nickel	n
bundle	n
partial	a
terrorism	n
frequent	a
researcher	n
gossip	n
weep	v
clearance	n
economics	n
artistic	a
dime	n
partly	r
primarily	r
differ	v
marathon	n
dinosaur	n
passionate	a
indication	n
parole	n
dye	n
competitor	n
drip	v
eager	a
herd	n
slope	n
workshop	n
cottage	n
keeper	n
awareness	n
porch	n
grasp	v
swan	n
sadly	r
specimen	n
yoga	n
treasury	n
legendary	a
ferry	n
separation	n
awhile	r
strengthen	v
risky	a
lottery	n
shipment	n
yacht	n
prey	n
pickup	n
scent	n
corporal	n
disappointment	n
hum	v
injection	n
elaborate	a
breeze	n
villain	n
induce	v
evaluate	v
cult	n
lens	n
confirmation	n
spear	n
psycho	n
goodnight	n
seller	n
suitcase	n
hay	n
precise	a
certify	v
eligible	a
paperwork	n
honesty	n
toll	n
den	n
mild	a
ignorant	a
daylight	n
preach	v
alcoholic	n
pickle	n
coma	n
strand	n
bribe	n
integrate	v
narrator	n
Irish	a
bracelet	n
motivation	n
retrieve	v
theirs	pron
rag	n
awaken	v
sentiment	n
appreciation	n
slavery	n
tray	n
ribbon	n
shatter	v
underestimate	v
unto	n
premium	n
keen	a
corridor	n
armor	n
inmate	n
gunshot	n
undercover	a
premiere	n
inevitable	a
realistic	a
racial	a
cripple	n
nod	v
broker	n
noodle	n
naughty	a
observer	n
pier	n
proposition	n
martial	a
expire	v
saddle	n
regime	n
importantly	r
salmon	n
thirsty	a
rookie	n
addiction	n
gag	n
pioneer	n
intrigue	n
triumph	n
dummy	n
rhyme	n
hallway	n
tomb	n
portal	n
widely	r
intel	a
Swedish	a
landlord	n
vodka	n
reminder	n
disgrace	n
bluff	n
liability	n
cardinal	n
pea	n
curl	n
melody	n
dislike	n
heir	n
bias	n
gaming	n
deliberately	r
splash	v
undergo	v
correction	n
diplomatic	a
spectacular	a
straighten	v
indoor	a
quantum	n
adjustment	n
salesman	n
cuff	n
mankind	n
heritage	n
oblige	v
ownership	n
magnetic	a
operational	a
distinct	a
giggle	v
splendid	a
bingo	n
intercept	v
inappropriate	a
accusation	n
sensible	a
gospel	n
disability	n
robe	n
chess	n
beep	n
spur	n
slay	v
puppet	n
sob	v
cracker	n
hazard	n
inning	n
essence	n
obstacle	n
purely	r
interpretation	n
feedback	n
gratitude	n
excess	n
jeep	n
foreigner	n
receiver	n
complication	n
pastor	n
resemble	v
grandson	n
hose	n
shrimp	n
interaction	n
modest	a
hustle	n
outlet	n
epic	a
reduction	n
rural	a
orchestra	n
enforce	v
hormone	n
measurement	n
accountant	n
preference	n
spine	n
detention	n
swift	a
hatred	n
comedian	n
congressman	n
patriot	n
moan	v
ounce	n
troll	n
nomination	n
snatch	v
derive	v
cane	n
latter	a
diagnose	v
conceal	v
immune	a
administer	v
warden	n
postpone	v
disc	n
glance	n
stubborn	a
tablet	n
undertake	v
peasant	n
miner	n
prompt	a
conceive	v
gown	n
intact	a
harassment	n
caution	n
wig	n
hesitate	v
siren	n
scoop	n
voyage	n
prominent	a
variation	n
lace	n
firearm	n
canvas	n
announcer	n
elderly	a
endanger	v
virtual	a
autograph	n
skeleton	n
worthless	a
fragment	n
chancellor	n
clan	n
tutor	n
beta	n
clap	v
compensation	n
gallon	n
mourn	v
shiny	a
slack	a
denial	n
illustrate	v
comb	n
scrape	v
assassin	n
restriction	n
undo	v
thoroughly	r
conventional	a
transit	n
pigeon	n
accessory	n
salute	n
fuse	n
inject	v
stimulate	v
wheat	n
rational	a
convenience	n
beautifully	r
forgiveness	n
permanently	r
entity	n
massacre	n
backyard	n
gin	n
sorrow	n
literary	a
torch	n
haircut	n
congratulate	v
oops	a
stray	a
furious	a
deceased	a
developer	n
utter	a
briefly	r
quantity	n
static	a
sip	n
decoration	n
raven	n
diner	n
northwest	n
grove	n
cement	n
depress	v
peek	v
tendency	n
regiment	n
span	n
paranoid	a
specialty	n
messy	a
millionaire	n
vicious	a
waitress	n
lousy	a
prosecute	v
bash	n
awfully	r
desperately	r
runway	n
declaration	n
carnival	n
axe	n
clone	n
administrative	a
unemployment	n
elegant	a
sensation	n
acquisition	n
liable	a
prescribe	v
compassion	n
offender	n
mat	n
removal	n
significance	n
memo	n
tweet	n
elevate	v
popularity	n
hull	n
delegate	n
console	v
whack	n
diaper	n
provider	n
someplace	r
balcony	n
reactor	n
squirrel	n
dependent	a
ginger	n
forensic	a
logo	n
collective	a
merchandise	n
merger	n
transplant	n
helpless	a
constitutional	a
chorus	n
norm	n
geek	n
implant	n
quarterback	n
overtime	n
intern	n
infinite	a
delightful	a
flaw	n
allowance	n
warp	v
grenade	n
aisle	n
provoke	v
confidential	a
premises	n
blaze	n
occasional	a
disposal	n
luckily	r
lure	n
furthermore	r
summary	n
underlie	v
matrix	n
defect	n
sickness	n
impulse	n
stern	a
harmless	a
temporarily	r
demo	n
obsession	n
perfection	n
weave	v
performer	n
mash	n
distinction	n
functional	a
chap	n
deceive	v
spectrum	n
participant	n
underwater	a
incoming	a
wheelchair	n
seizure	n
supportive	a
journalism	n
secretly	r
barbecue	n
brew	v
traveler	n
progressive	a
coupon	n
uncover	v
puff	n
shuttle	n
flank	n
output	n
thoughtful	a
Cuban	a
bronze	n
closure	n
forecast	n
utterly	r
mole	n
ongoing	a
prejudice	n
diabetes	n
dissolve	v
flare	n
sour	a
venue	n
tactical	a
token	n
layout	n
legislation	n
artery	n
tropical	a
exotic	a
bacteria	n
lipstick	n
freely	r
lobster	n
authentic	a
elf	n
booze	n
discrimination	n
tailor	n
enlist	v
fitness	n
eternity	n
battalion	n
grease	n
artillery	n
outrage	n
flyer	n
revelation	n
meaningful	a
increasingly	r
upload	v
void	n
prophecy	n
plaza	n
intimidate	v
hub	n
correspond	v
distraction	n
enthusiasm	n
atom	n
cater	v
unity	n
relay	v
irrelevant	a
juvenile	a
acceptance	n
penguin	n
cube	n
suburb	n
sniff	v
hybrid	n
triangle	n
parish	n
revise	v
exhaust	n
tile	n
confine	v
propaganda	n
rotate	v
comply	v
withdrawal	n
arsenal	n
nanny	n
allergic	a
sculpture	n
supermarket	n
clutch	n
dwell	v
dictionary	n
deem	v
penetrate	v
predator	n
southeast	n
stove	n
popcorn	n
participation	n
brag	v
dwarf	n
spa	n
vintage	n
choir	n
ammunition	n
disclose	v
jelly	n
fisherman	n
cereal	n
asylum	n
batter	n
clamp	n
atomic	a
blackmail	n
consumption	n
cub	n
sibling	n
weaken	v
paragraph	n
constitute	v
shred	n
accelerate	v
sheer	a
cellar	n
thesis	n
sanction	n
sincere	a
blossom	n
biscuit	n
expertise	n
willow	n
prohibit	v
boxer	n
rattle	n
preacher	n
mold	n
harass	v
sniper	n
honorable	a
formerly	r
anyhow	r
sticker	n
supposedly	r
positively	r
ransom	n
earring	n
wildlife	n
Brazilian	a
feminist	n
blunt	a
fierce	a
variable	a
operative	n
interact	v
hog	n
tasty	a
gasoline	n
homeland	n
kitten	n
timer	n
installation	n
plasma	n
interference	n
determination	n
robber	n
knit	v
restrain	v
coconut	n
expel	v
molecule	n
exaggerate	v
panther	n
accommodate	v
almighty	a
assassination	n
mixture	n
refund	n
mattress	n
mathematics	n
thug	n
qualification	n
icon	n
hopeless	a
gem	n
whine	v
scroll	n
activist	n
irritate	v
thankful	a
ruler	n
bulb	n
resignation	n
infrastructure	n
pyramid	n
wireless	a
regain	v
razor	n
seminar	n
remedy	n
maiden	a
flick	n
unite	v
transformation	n
android	n
southwest	n
comeback	n
marvelous	a
batch	n
manifest	v
bounty	n
bead	n
urine	n
burial	n
repay	v
slick	a
perimeter	n
chunk	n
implication	n
salvation	n
rotation	n
convey	v
dispose	v
innocence	n
firework	n
cathedral	n
allegation	n
ethnic	a
thrive	v
attendance	n
reinforce	v
specify	v
productive	a
fax	n
thorough	a
guideline	n
imperial	a
rash	n
residential	a
torpedo	n
superintendent	n
publicly	r
refrigerator	n
upcoming	a
wardrobe	n
rabbi	n
supplier	n
manuscript	n
workout	n
teammate	n
criterion	n
referee	n
ache	n
groan	n
patron	n
lid	n
smuggle	v
psychologist	n
monument	n
quiz	n
trench	n
handicap	n
administrator	n
whilst	n
ambitious	a
ambush	n
vertical	a
lone	a
felony	n
despair	n
prediction	n
gangster	n
limitation	n
abstract	a
crank	n
salon	n
lightly	r
hairy	a
royalty	n
tickle	v
significantly	r
clause	n
roam	v
recycle	v
hound	n
telegram	n
stability	n
amazed	a
telegraph	n
gorilla	n
flock	n
endorse	v
autopsy	n
sponge	n
incentive	n
prevail	v
compartment	n
fuss	n
bartender	n
sanctuary	n
sleepy	a
frontier	n
rubbish	n
camel	n
gauge	n
discourage	v
bun	n
heap	n
reef	n
cluster	n
calculation	n
ignorance	n
titan	n
accommodation	n
controversial	a
portfolio	n
density	n
precinct	n
detain	v
sidewalk	n
grunt	v
barber	n
crave	v
jade	n
lethal	a
narrative	a
compensate	v
altitude	n
mutant	n
surprisingly	r
vaccine	n
likewise	r
controversy	n
astronaut	n
privately	r
repeatedly	r
cramp	n
grandchild	n
freight	n
behold	v
grammar	n
lump	n
sunrise	n
chili	n
amend	v
cutter	n
frustration	n
insanity	n
playground	n
believer	n
heroic	a
blond	a
rehab	n
disrespect	n
idol	n
machinery	n
editorial	a
severely	r
mentor	n
portable	a
ouch	a
cavalry	n
taco	n
equality	n
dictate	v
dread	n
acquaintance	n
unload	v
module	n
unacceptable	a
magician	n
zoom	v
strangle	v
riddle	n
chopper	n
presidency	n
dynamite	n
groove	n
contestant	n
timber	n
backpack	n
thrust	n
lesser	a
maneuver	n
affiliate	n
oyster	n
inspect	v
cone	n
flexible	a
northeast	n
reel	n
coalition	n
ironic	a
necessity	n
granny	n
intensity	n
peep	v
tuition	n
greedy	a
Arabic	a
outlaw	n
litter	n
